rank_index,target,scope_type,scope_value,rule_type,feature1,dir1,threshold1,feature2,dir2,threshold2,excluded_promotions,end_equity,delta_end_equity,executed_trades,wins,losses,flat,nonflat_win_rate,max_weekly_dd_pct,fresh_return_pct,aug13_14_verification_delta_pct,end_equity_not_regressed,aug13_14_verification_not_regressed,drawdown_not_worse,loss_flat_repair,nonflat_win_rate_not_worse,selected_asset_coverage_not_worse,full_universe_34x510,pre_forward_candidate
4,barely_developed_loss,STRATEGY_FAMILY,MEAN_REVERSION,2D,ema20_distance_stop_r,ge,-0.992822902443148,signed_mom6_atr,ge,-0.7380988593158307,25,348.169801334797,10.746677124357689,1105,447,228,430,0.6622222222222223,-4.637645574907678,7.261646557142409,0.0,True,True,True,False,True,True,True,False
6,severe_mae_loss,ASSET_CLASS,ENERGY,1D,signed_impulse_atr,ge,1.0793145255871763,nan,nan,nan,18,347.4555091740822,10.032384963642869,1123,456,234,433,0.6608695652173913,-4.637645574907678,7.261646557142409,0.0,True,True,True,False,True,True,True,False
7,severe_mae_loss,ASSET_CLASS,INDICES,2D,directional_range20_pos,le,0.0597431737135801,ema20_distance_stop_r,le,-1.3944799985171072,32,328.1799363370812,-9.243187873358124,1101,444,228,429,0.6607142857142857,-4.637645574907678,7.261646557142409,0.0,False,True,True,False,True,False,True,False
5,severe_mae_loss,ASSET_CLASS,INDICES,2D,signed_z30,le,-1.584970150101787,ema20_distance_stop_r,le,-1.3944799985171072,33,326.2211202538666,-11.202003956572696,1102,445,228,429,0.6612184249628529,-4.637645574907678,7.261646557142409,0.0,False,True,True,False,True,False,True,False
1,severe_mae_loss,ASSET_CLASS,INDICES,2D,signed_z30,le,-1.584970150101787,directional_range20_pos,le,0.0597431737135801,33,326.1917064115103,-11.231417798928987,1076,429,231,416,0.65,-3.9368859575708237,7.261646557142409,0.0,False,True,True,True,False,False,True,False
2,severe_mae_loss,ASSET_CLASS,INDICES,1D,signed_z30,le,-1.584970150101787,nan,nan,nan,38,325.58565117293887,-11.837473037500445,1074,428,231,415,0.6494688922610015,-3.9368859575708237,7.261646557142409,0.0,False,True,True,True,False,False,True,False
0,barely_developed_loss,ASSET_CLASS,INDICES,2D,directional_range20_pos,le,0.1622462350564285,body_frac,ge,0.6679332619922931,19,322.8413858993665,-14.581738311072797,1075,431,229,415,0.6530303030303031,-4.637645574907678,7.261646557142409,0.0,False,True,True,True,False,False,True,False
3,severe_mae_loss,ASSET_CLASS,INDICES,1D,directional_range20_pos,le,0.0597431737135801,nan,nan,nan,38,321.3026071929388,-16.120517017500504,1062,424,230,408,0.6483180428134556,-3.9368859575708237,7.261646557142409,0.0,False,True,True,True,False,False,True,False
8,severe_mae_loss,ASSET_CLASS,INDICES,1D,ema20_distance_stop_r,le,-1.3944799985171072,nan,nan,nan,41,315.64802106650995,-21.775103143929357,1058,423,228,407,0.6497695852534562,-4.637645574907678,7.261646557142409,0.0,False,True,True,True,False,False,True,False
