strategy,exit_reason,trades,net_pnl,avg_net_r,avg_mfe_r,avg_giveback_r
BREAKOUT_RETEST,STOP,18,-8.156815285713817,-0.999999999999948,0.3528017001833749,0.3528017001833749
BREAKOUT_RETEST,DYNAMIC_CAPITAL_RECYCLE_R5,1,0.6006600000000254,1.350491098841084,1.9343414110759567,1.4343414110759247
BREAKOUT_RETEST,PROTECTED_STOP,21,2.6944480928572268,0.30655621378976655,1.3568200350284303,1.0502638212386637
CLOSE_SESSION_CONTINUATION,STOP,6,-2.3297036785717475,-1.0000000000000624,0.29643236072108237,0.29643236072108237
CLOSE_SESSION_CONTINUATION,PROTECTED_STOP,11,15.346942500001369,2.5924817381767333,3.519674293395288,0.927192555218555
CLOSE_SESSION_FADE,STOP,38,-13.317996302499523,-0.9999999999999891,0.2635742115538482,0.2635742115538482
CLOSE_SESSION_FADE,TIME_RULE,3,0.4055878571427991,0.32714706307278685,0.9929230194990213,0.4722419541965583
CLOSE_SESSION_FADE,DYNAMIC_CAPITAL_RECYCLE_R5,2,1.2618999999999052,0.8138112314345781,1.8182390694896515,0.48813310517690245
CLOSE_SESSION_FADE,PROTECTED_STOP,88,31.46935657285726,0.7861398919281668,1.8375675142681893,1.0514276223400225
COMPRESSION_EXPANSION,STOP,12,-4.737014285714554,-1.0000000000000269,0.2887451735558689,0.2887451735558689
COMPRESSION_EXPANSION,DYNAMIC_CAPITAL_RECYCLE_R5,2,0.9539999999996217,0.9379891935561115,1.4833611069030903,1.2333611069032435
COMPRESSION_EXPANSION,PROTECTED_STOP,16,1.9903784999996679,0.27979778635988317,1.24159448947877,0.961796703118887
DAY_OPEN_DRIVE_CONTINUATION,STOP,5,-1.876698142856985,-0.9999999999999188,0.3089962892594866,0.3089962892594866
DAY_OPEN_DRIVE_CONTINUATION,PROTECTED_STOP,3,0.9567020000000046,0.5948834657003886,1.5472578579795888,0.9523743922792001
DAY_OPEN_DRIVE_FADE,STOP,2,-1.1337357142858693,-1.0000000000001759,0.5447779280020706,0.5447779280020706
DAY_OPEN_DRIVE_FADE,PROTECTED_STOP,5,0.0,0.0,1.04978765034851,1.04978765034851
ENSEMBLE_CONFLUENCE,STOP,104,-55.845125028570976,-0.9999999999999798,0.2742513537787206,0.2742513537787206
ENSEMBLE_CONFLUENCE,TIME,1,0.1840000000000063,1.90800681431014,2.125768461595574,0.2177616472854342
ENSEMBLE_CONFLUENCE,TARGET,1,0.6345042857142607,3.0,3.101633896427708,0.1016338964277081
ENSEMBLE_CONFLUENCE,DYNAMIC_CAPITAL_RECYCLE_R5,3,1.209143000000217,0.7369307235108046,1.3787222632787055,1.212055596611992
ENSEMBLE_CONFLUENCE,PROTECTED_STOP,363,124.27433172732624,0.6262119642000927,1.6362925952784406,1.010080631078348
FAILED_BREAK_REVERSAL,STOP,8,-3.253678571428085,-0.9999999999999054,0.264478377767261,0.264478377767261
FAILED_BREAK_REVERSAL,DYNAMIC_CAPITAL_RECYCLE_R5,1,0.3059999999999945,0.6088946373495105,1.6038205153716043,1.103820515371582
FAILED_BREAK_REVERSAL,PROTECTED_STOP,9,1.501817142857309,0.298655439856761,1.29215421078177,0.993498770925009
HTF_PULLBACK_CONTINUATION,STOP,3,-1.4267951428572996,-1.000000000000082,0.1572780081790285,0.1572780081790285
HTF_PULLBACK_CONTINUATION,DYNAMIC_CAPITAL_RECYCLE_R5,1,0.5741099999999095,1.1086944107180594,1.3541053697922776,1.3541053697922776
HTF_PULLBACK_CONTINUATION,TIME,1,0.7848399999999672,1.618914425508484,1.894124102195892,0.2752096766874077
HTF_PULLBACK_CONTINUATION,PROTECTED_STOP,5,2.1257544285721752,0.6436027131396648,1.6810408886469772,1.0374381755073125
HTF_TREND_BREAKOUT,STOP,7,-3.988975182142848,-0.9999999999999213,0.317476733604903,0.317476733604903
HTF_TREND_BREAKOUT,PROTECTED_STOP,16,8.411478671428297,0.7824642688358945,1.7474153456836243,0.9649510768477298
INTERMARKET_LEAD_LAG,STOP,6,-1.8406333214286414,-1.0000000000000495,0.28299294157428306,0.28299294157428306
INTERMARKET_LEAD_LAG,TIME,2,0.22477999999999151,0.5112508681396292,0.8397122144850466,0.3284613463454174
INTERMARKET_LEAD_LAG,DYNAMIC_CAPITAL_RECYCLE_R5,1,0.2880000000000655,0.379674691673305,1.2116368598023195,1.2116368598023195
INTERMARKET_LEAD_LAG,PROTECTED_STOP,28,11.47546978571439,1.0126441909615587,1.9264550663024782,0.9138108753409195
INTRADAY_SWING_CONTINUATION,STOP,6,-3.0528622857143146,-1.0000000000000002,0.17452300463613102,0.17452300463613102
INTRADAY_SWING_CONTINUATION,DYNAMIC_CAPITAL_RECYCLE_R5,1,0.25,0.4480975060173093,2.9215957392328487,0.7999999999999958
INTRADAY_SWING_CONTINUATION,PROTECTED_STOP,11,0.44919041071427374,0.09090909090908984,1.1899731901986046,1.0990640992895147
MEAN_REVERSION_EXTREME,STOP,58,-24.83610107285749,-1.000000000000035,0.3230332780965518,0.3230332780965518
MEAN_REVERSION_EXTREME,TIME,1,0.3591224999999806,1.5086011342153478,2.411258139046117,0.9026570048307692
MEAN_REVERSION_EXTREME,PROTECTED_STOP,89,17.220173966666778,0.3774565384755529,1.297720277477168,0.9202637390016148
RELATIVE_VALUE_ROTATION,STOP,64,-26.44832264285776,-1.00000000000002,0.28277220337004466,0.28277220337004466
RELATIVE_VALUE_ROTATION,TARGET,1,0.7237607142857007,3.0,3.100472235792338,0.100472235792338
RELATIVE_VALUE_ROTATION,DYNAMIC_CAPITAL_RECYCLE_R5,3,2.2541999999999756,1.2441535231104877,1.6466743420983738,0.8114530168265685
RELATIVE_VALUE_ROTATION,TIME,12,3.3983399999997665,0.8097162921783485,1.2388685533828758,0.4247149274523518
RELATIVE_VALUE_ROTATION,PROTECTED_STOP,283,80.4137632321432,0.6079186527060308,1.5915093709659316,0.9835907182599006
SESSION_OPEN_RANGE_BREAKOUT,STOP,12,-5.863685714285893,-1.0000000000000322,0.2086066325355753,0.2086066325355753
SESSION_OPEN_RANGE_BREAKOUT,PROTECTED_STOP,13,4.5303957142855324,0.8118810556467563,1.829628006545536,1.0177469508987795
SESSION_OPEN_SWEEP_RECLAIM,STOP,9,-4.805187764285729,-1.0000000000000078,0.17185809958694687,0.17185809958694687
SESSION_OPEN_SWEEP_RECLAIM,PROTECTED_STOP,4,0.5962899999999991,0.32879711063935224,1.2562899613440175,0.9274928507046654
SUPPLY_DEMAND_SWEEP_BOS,STOP,10,-4.30593926642819,-0.9999999999999432,0.30856096454622783,0.30856096454622783
SUPPLY_DEMAND_SWEEP_BOS,PROTECTED_STOP,16,5.7149523428567495,0.7329587256399404,1.6828652726086133,0.9499065469686728
VOLATILITY_REVERSAL,STOP,3,-2.105978571428868,-1.0000000000001301,0.19603724707691098,0.19603724707691098
VOLATILITY_REVERSAL,PROTECTED_STOP,3,0.7459237142856728,0.4088852762558039,1.2534090597433716,0.8445237834875678
WINNER_ONLY_ADDON,STOP,1,-0.5834237142857455,-1.0000000000001148,0.0,0.0
