asset,strategy_family,applicable,state,reason,required_evidence
EURUSD,SUPPLY_DEMAND,True,EXECUTED_TRIGGERED,,M1_TO_D1_OHLC+SPREAD
EURUSD,LIQUIDITY_STRUCTURE,True,EXECUTED_TRIGGERED,,M1_M5_M15_OHLC+SPREAD
EURUSD,TREND_FOLLOWING,True,EXECUTED_TRIGGERED,,M1_TO_D1_OHLC+SPREAD
EURUSD,MOMENTUM_PULLBACK,True,EXECUTED_TRIGGERED,,M1_TO_D1_OHLC+SPREAD
EURUSD,BREAKOUT_RETEST,True,EXECUTED_TRIGGERED,,M1_M5_M15_OHLC+SPREAD
EURUSD,MEAN_REVERSION,True,EXECUTED_TRIGGERED,,M1_TO_D1_OHLC+SPREAD
EURUSD,VOLATILITY_REGIME,True,EXECUTED_TRIGGERED,,M1_TO_D1_OHLC+SPREAD
EURUSD,SESSION_TIME,True,EXECUTED_TRIGGERED,,M1+ASSET_MARKET_CALENDAR+DST
EURUSD,ORDER_FLOW_MICROSTRUCTURE,True,DATA_GATED,BID_ASK_TICKS+SPREAD+OPTIONAL_DEPTH,BID_ASK_TICKS+SPREAD+OPTIONAL_DEPTH
EURUSD,RELATIVE_VALUE_PAIRS,True,EXECUTED_TRIGGERED,,SYNCHRONIZED_PEER_PATHS
EURUSD,INTERMARKET,True,EXECUTED_NO_TRIGGER,,SYNCHRONIZED_CROSS_ASSET+FACTOR_FEEDS
EURUSD,CARRY_VALUE,True,DATA_GATED,RATES+SWAPS+FORWARDS,RATES+SWAPS+FORWARDS
EURUSD,CRYPTO_FUNDING_BASIS,False,NON_NATIVE_FAMILY_GATED,ASSET_CLASS_NOT_NATIVE_FOR_FAMILY,PERP_FUNDING+BASIS+OI+LIQUIDATIONS
EURUSD,EVENT_RESPONSE,True,DATA_GATED,MACRO+CENTRAL_BANK_EVENT_FEED,MACRO+CENTRAL_BANK_EVENT_FEED
EURUSD,ENSEMBLE_REGIME,True,EXECUTED_TRIGGERED,,SURVIVING_FAMILY_SCORES+REGIME_STATE
GBPUSD,SUPPLY_DEMAND,True,EXECUTED_TRIGGERED,,M1_TO_D1_OHLC+SPREAD
GBPUSD,LIQUIDITY_STRUCTURE,True,EXECUTED_TRIGGERED,,M1_M5_M15_OHLC+SPREAD
GBPUSD,TREND_FOLLOWING,True,EXECUTED_TRIGGERED,,M1_TO_D1_OHLC+SPREAD
GBPUSD,MOMENTUM_PULLBACK,True,EXECUTED_TRIGGERED,,M1_TO_D1_OHLC+SPREAD
GBPUSD,BREAKOUT_RETEST,True,EXECUTED_TRIGGERED,,M1_M5_M15_OHLC+SPREAD
GBPUSD,MEAN_REVERSION,True,EXECUTED_TRIGGERED,,M1_TO_D1_OHLC+SPREAD
GBPUSD,VOLATILITY_REGIME,True,EXECUTED_TRIGGERED,,M1_TO_D1_OHLC+SPREAD
GBPUSD,SESSION_TIME,True,EXECUTED_TRIGGERED,,M1+ASSET_MARKET_CALENDAR+DST
GBPUSD,ORDER_FLOW_MICROSTRUCTURE,True,DATA_GATED,BID_ASK_TICKS+SPREAD+OPTIONAL_DEPTH,BID_ASK_TICKS+SPREAD+OPTIONAL_DEPTH
GBPUSD,RELATIVE_VALUE_PAIRS,True,EXECUTED_TRIGGERED,,SYNCHRONIZED_PEER_PATHS
GBPUSD,INTERMARKET,True,EXECUTED_NO_TRIGGER,,SYNCHRONIZED_CROSS_ASSET+FACTOR_FEEDS
GBPUSD,CARRY_VALUE,True,DATA_GATED,RATES+SWAPS+FORWARDS,RATES+SWAPS+FORWARDS
GBPUSD,CRYPTO_FUNDING_BASIS,False,NON_NATIVE_FAMILY_GATED,ASSET_CLASS_NOT_NATIVE_FOR_FAMILY,PERP_FUNDING+BASIS+OI+LIQUIDATIONS
GBPUSD,EVENT_RESPONSE,True,DATA_GATED,MACRO+CENTRAL_BANK_EVENT_FEED,MACRO+CENTRAL_BANK_EVENT_FEED
GBPUSD,ENSEMBLE_REGIME,True,EXECUTED_TRIGGERED,,SURVIVING_FAMILY_SCORES+REGIME_STATE
USDJPY,SUPPLY_DEMAND,True,EXECUTED_TRIGGERED,,M1_TO_D1_OHLC+SPREAD
USDJPY,LIQUIDITY_STRUCTURE,True,EXECUTED_TRIGGERED,,M1_M5_M15_OHLC+SPREAD
USDJPY,TREND_FOLLOWING,True,EXECUTED_TRIGGERED,,M1_TO_D1_OHLC+SPREAD
USDJPY,MOMENTUM_PULLBACK,True,EXECUTED_TRIGGERED,,M1_TO_D1_OHLC+SPREAD
USDJPY,BREAKOUT_RETEST,True,EXECUTED_TRIGGERED,,M1_M5_M15_OHLC+SPREAD
USDJPY,MEAN_REVERSION,True,EXECUTED_TRIGGERED,,M1_TO_D1_OHLC+SPREAD
USDJPY,VOLATILITY_REGIME,True,EXECUTED_TRIGGERED,,M1_TO_D1_OHLC+SPREAD
USDJPY,SESSION_TIME,True,EXECUTED_TRIGGERED,,M1+ASSET_MARKET_CALENDAR+DST
USDJPY,ORDER_FLOW_MICROSTRUCTURE,True,DATA_GATED,BID_ASK_TICKS+SPREAD+OPTIONAL_DEPTH,BID_ASK_TICKS+SPREAD+OPTIONAL_DEPTH
USDJPY,RELATIVE_VALUE_PAIRS,True,EXECUTED_TRIGGERED,,SYNCHRONIZED_PEER_PATHS
USDJPY,INTERMARKET,True,EXECUTED_NO_TRIGGER,,SYNCHRONIZED_CROSS_ASSET+FACTOR_FEEDS
USDJPY,CARRY_VALUE,True,DATA_GATED,RATES+SWAPS+FORWARDS,RATES+SWAPS+FORWARDS
USDJPY,CRYPTO_FUNDING_BASIS,False,NON_NATIVE_FAMILY_GATED,ASSET_CLASS_NOT_NATIVE_FOR_FAMILY,PERP_FUNDING+BASIS+OI+LIQUIDATIONS
USDJPY,EVENT_RESPONSE,True,DATA_GATED,MACRO+CENTRAL_BANK_EVENT_FEED,MACRO+CENTRAL_BANK_EVENT_FEED
USDJPY,ENSEMBLE_REGIME,True,EXECUTED_TRIGGERED,,SURVIVING_FAMILY_SCORES+REGIME_STATE
AUDUSD,SUPPLY_DEMAND,True,EXECUTED_TRIGGERED,,M1_TO_D1_OHLC+SPREAD
AUDUSD,LIQUIDITY_STRUCTURE,True,EXECUTED_TRIGGERED,,M1_M5_M15_OHLC+SPREAD
AUDUSD,TREND_FOLLOWING,True,EXECUTED_TRIGGERED,,M1_TO_D1_OHLC+SPREAD
AUDUSD,MOMENTUM_PULLBACK,True,EXECUTED_TRIGGERED,,M1_TO_D1_OHLC+SPREAD
AUDUSD,BREAKOUT_RETEST,True,EXECUTED_TRIGGERED,,M1_M5_M15_OHLC+SPREAD
AUDUSD,MEAN_REVERSION,True,EXECUTED_TRIGGERED,,M1_TO_D1_OHLC+SPREAD
AUDUSD,VOLATILITY_REGIME,True,EXECUTED_TRIGGERED,,M1_TO_D1_OHLC+SPREAD
AUDUSD,SESSION_TIME,True,EXECUTED_TRIGGERED,,M1+ASSET_MARKET_CALENDAR+DST
AUDUSD,ORDER_FLOW_MICROSTRUCTURE,True,DATA_GATED,BID_ASK_TICKS+SPREAD+OPTIONAL_DEPTH,BID_ASK_TICKS+SPREAD+OPTIONAL_DEPTH
AUDUSD,RELATIVE_VALUE_PAIRS,True,EXECUTED_TRIGGERED,,SYNCHRONIZED_PEER_PATHS
AUDUSD,INTERMARKET,True,EXECUTED_NO_TRIGGER,,SYNCHRONIZED_CROSS_ASSET+FACTOR_FEEDS
AUDUSD,CARRY_VALUE,True,DATA_GATED,RATES+SWAPS+FORWARDS,RATES+SWAPS+FORWARDS
AUDUSD,CRYPTO_FUNDING_BASIS,False,NON_NATIVE_FAMILY_GATED,ASSET_CLASS_NOT_NATIVE_FOR_FAMILY,PERP_FUNDING+BASIS+OI+LIQUIDATIONS
AUDUSD,EVENT_RESPONSE,True,DATA_GATED,MACRO+CENTRAL_BANK_EVENT_FEED,MACRO+CENTRAL_BANK_EVENT_FEED
AUDUSD,ENSEMBLE_REGIME,True,EXECUTED_TRIGGERED,,SURVIVING_FAMILY_SCORES+REGIME_STATE
USDCAD,SUPPLY_DEMAND,True,EXECUTED_TRIGGERED,,M1_TO_D1_OHLC+SPREAD
USDCAD,LIQUIDITY_STRUCTURE,True,EXECUTED_TRIGGERED,,M1_M5_M15_OHLC+SPREAD
USDCAD,TREND_FOLLOWING,True,EXECUTED_TRIGGERED,,M1_TO_D1_OHLC+SPREAD
USDCAD,MOMENTUM_PULLBACK,True,EXECUTED_TRIGGERED,,M1_TO_D1_OHLC+SPREAD
USDCAD,BREAKOUT_RETEST,True,EXECUTED_TRIGGERED,,M1_M5_M15_OHLC+SPREAD
USDCAD,MEAN_REVERSION,True,EXECUTED_TRIGGERED,,M1_TO_D1_OHLC+SPREAD
USDCAD,VOLATILITY_REGIME,True,EXECUTED_TRIGGERED,,M1_TO_D1_OHLC+SPREAD
USDCAD,SESSION_TIME,True,EXECUTED_TRIGGERED,,M1+ASSET_MARKET_CALENDAR+DST
USDCAD,ORDER_FLOW_MICROSTRUCTURE,True,DATA_GATED,BID_ASK_TICKS+SPREAD+OPTIONAL_DEPTH,BID_ASK_TICKS+SPREAD+OPTIONAL_DEPTH
USDCAD,RELATIVE_VALUE_PAIRS,True,EXECUTED_TRIGGERED,,SYNCHRONIZED_PEER_PATHS
USDCAD,INTERMARKET,True,EXECUTED_TRIGGERED,,SYNCHRONIZED_CROSS_ASSET+FACTOR_FEEDS
USDCAD,CARRY_VALUE,True,DATA_GATED,RATES+SWAPS+FORWARDS,RATES+SWAPS+FORWARDS
USDCAD,CRYPTO_FUNDING_BASIS,False,NON_NATIVE_FAMILY_GATED,ASSET_CLASS_NOT_NATIVE_FOR_FAMILY,PERP_FUNDING+BASIS+OI+LIQUIDATIONS
USDCAD,EVENT_RESPONSE,True,DATA_GATED,MACRO+CENTRAL_BANK_EVENT_FEED,MACRO+CENTRAL_BANK_EVENT_FEED
USDCAD,ENSEMBLE_REGIME,True,EXECUTED_TRIGGERED,,SURVIVING_FAMILY_SCORES+REGIME_STATE
USDCHF,SUPPLY_DEMAND,True,EXECUTED_TRIGGERED,,M1_TO_D1_OHLC+SPREAD
USDCHF,LIQUIDITY_STRUCTURE,True,EXECUTED_TRIGGERED,,M1_M5_M15_OHLC+SPREAD
USDCHF,TREND_FOLLOWING,True,EXECUTED_TRIGGERED,,M1_TO_D1_OHLC+SPREAD
USDCHF,MOMENTUM_PULLBACK,True,EXECUTED_TRIGGERED,,M1_TO_D1_OHLC+SPREAD
USDCHF,BREAKOUT_RETEST,True,EXECUTED_TRIGGERED,,M1_M5_M15_OHLC+SPREAD
USDCHF,MEAN_REVERSION,True,EXECUTED_TRIGGERED,,M1_TO_D1_OHLC+SPREAD
USDCHF,VOLATILITY_REGIME,True,EXECUTED_TRIGGERED,,M1_TO_D1_OHLC+SPREAD
USDCHF,SESSION_TIME,True,EXECUTED_TRIGGERED,,M1+ASSET_MARKET_CALENDAR+DST
USDCHF,ORDER_FLOW_MICROSTRUCTURE,True,DATA_GATED,BID_ASK_TICKS+SPREAD+OPTIONAL_DEPTH,BID_ASK_TICKS+SPREAD+OPTIONAL_DEPTH
USDCHF,RELATIVE_VALUE_PAIRS,True,EXECUTED_TRIGGERED,,SYNCHRONIZED_PEER_PATHS
USDCHF,INTERMARKET,True,EXECUTED_NO_TRIGGER,,SYNCHRONIZED_CROSS_ASSET+FACTOR_FEEDS
USDCHF,CARRY_VALUE,True,DATA_GATED,RATES+SWAPS+FORWARDS,RATES+SWAPS+FORWARDS
USDCHF,CRYPTO_FUNDING_BASIS,False,NON_NATIVE_FAMILY_GATED,ASSET_CLASS_NOT_NATIVE_FOR_FAMILY,PERP_FUNDING+BASIS+OI+LIQUIDATIONS
USDCHF,EVENT_RESPONSE,True,DATA_GATED,MACRO+CENTRAL_BANK_EVENT_FEED,MACRO+CENTRAL_BANK_EVENT_FEED
USDCHF,ENSEMBLE_REGIME,True,EXECUTED_TRIGGERED,,SURVIVING_FAMILY_SCORES+REGIME_STATE
NZDUSD,SUPPLY_DEMAND,True,EXECUTED_TRIGGERED,,M1_TO_D1_OHLC+SPREAD
NZDUSD,LIQUIDITY_STRUCTURE,True,EXECUTED_TRIGGERED,,M1_M5_M15_OHLC+SPREAD
NZDUSD,TREND_FOLLOWING,True,EXECUTED_TRIGGERED,,M1_TO_D1_OHLC+SPREAD
NZDUSD,MOMENTUM_PULLBACK,True,EXECUTED_TRIGGERED,,M1_TO_D1_OHLC+SPREAD
NZDUSD,BREAKOUT_RETEST,True,EXECUTED_TRIGGERED,,M1_M5_M15_OHLC+SPREAD
NZDUSD,MEAN_REVERSION,True,EXECUTED_TRIGGERED,,M1_TO_D1_OHLC+SPREAD
NZDUSD,VOLATILITY_REGIME,True,EXECUTED_TRIGGERED,,M1_TO_D1_OHLC+SPREAD
NZDUSD,SESSION_TIME,True,EXECUTED_TRIGGERED,,M1+ASSET_MARKET_CALENDAR+DST
NZDUSD,ORDER_FLOW_MICROSTRUCTURE,True,DATA_GATED,BID_ASK_TICKS+SPREAD+OPTIONAL_DEPTH,BID_ASK_TICKS+SPREAD+OPTIONAL_DEPTH
NZDUSD,RELATIVE_VALUE_PAIRS,True,EXECUTED_TRIGGERED,,SYNCHRONIZED_PEER_PATHS
NZDUSD,INTERMARKET,True,EXECUTED_NO_TRIGGER,,SYNCHRONIZED_CROSS_ASSET+FACTOR_FEEDS
NZDUSD,CARRY_VALUE,True,DATA_GATED,RATES+SWAPS+FORWARDS,RATES+SWAPS+FORWARDS
NZDUSD,CRYPTO_FUNDING_BASIS,False,NON_NATIVE_FAMILY_GATED,ASSET_CLASS_NOT_NATIVE_FOR_FAMILY,PERP_FUNDING+BASIS+OI+LIQUIDATIONS
NZDUSD,EVENT_RESPONSE,True,DATA_GATED,MACRO+CENTRAL_BANK_EVENT_FEED,MACRO+CENTRAL_BANK_EVENT_FEED
NZDUSD,ENSEMBLE_REGIME,True,EXECUTED_TRIGGERED,,SURVIVING_FAMILY_SCORES+REGIME_STATE
EURJPY,SUPPLY_DEMAND,True,EXECUTED_TRIGGERED,,M1_TO_D1_OHLC+SPREAD
EURJPY,LIQUIDITY_STRUCTURE,True,EXECUTED_TRIGGERED,,M1_M5_M15_OHLC+SPREAD
EURJPY,TREND_FOLLOWING,True,EXECUTED_TRIGGERED,,M1_TO_D1_OHLC+SPREAD
EURJPY,MOMENTUM_PULLBACK,True,EXECUTED_TRIGGERED,,M1_TO_D1_OHLC+SPREAD
EURJPY,BREAKOUT_RETEST,True,EXECUTED_TRIGGERED,,M1_M5_M15_OHLC+SPREAD
EURJPY,MEAN_REVERSION,True,EXECUTED_TRIGGERED,,M1_TO_D1_OHLC+SPREAD
EURJPY,VOLATILITY_REGIME,True,EXECUTED_TRIGGERED,,M1_TO_D1_OHLC+SPREAD
EURJPY,SESSION_TIME,True,EXECUTED_TRIGGERED,,M1+ASSET_MARKET_CALENDAR+DST
EURJPY,ORDER_FLOW_MICROSTRUCTURE,True,DATA_GATED,BID_ASK_TICKS+SPREAD+OPTIONAL_DEPTH,BID_ASK_TICKS+SPREAD+OPTIONAL_DEPTH
EURJPY,RELATIVE_VALUE_PAIRS,True,EXECUTED_TRIGGERED,,SYNCHRONIZED_PEER_PATHS
EURJPY,INTERMARKET,True,EXECUTED_NO_TRIGGER,,SYNCHRONIZED_CROSS_ASSET+FACTOR_FEEDS
EURJPY,CARRY_VALUE,True,DATA_GATED,RATES+SWAPS+FORWARDS,RATES+SWAPS+FORWARDS
EURJPY,CRYPTO_FUNDING_BASIS,False,NON_NATIVE_FAMILY_GATED,ASSET_CLASS_NOT_NATIVE_FOR_FAMILY,PERP_FUNDING+BASIS+OI+LIQUIDATIONS
EURJPY,EVENT_RESPONSE,True,DATA_GATED,MACRO+CENTRAL_BANK_EVENT_FEED,MACRO+CENTRAL_BANK_EVENT_FEED
EURJPY,ENSEMBLE_REGIME,True,EXECUTED_TRIGGERED,,SURVIVING_FAMILY_SCORES+REGIME_STATE
GBPJPY,SUPPLY_DEMAND,True,EXECUTED_TRIGGERED,,M1_TO_D1_OHLC+SPREAD
GBPJPY,LIQUIDITY_STRUCTURE,True,EXECUTED_TRIGGERED,,M1_M5_M15_OHLC+SPREAD
GBPJPY,TREND_FOLLOWING,True,EXECUTED_TRIGGERED,,M1_TO_D1_OHLC+SPREAD
GBPJPY,MOMENTUM_PULLBACK,True,EXECUTED_TRIGGERED,,M1_TO_D1_OHLC+SPREAD
GBPJPY,BREAKOUT_RETEST,True,EXECUTED_TRIGGERED,,M1_M5_M15_OHLC+SPREAD
GBPJPY,MEAN_REVERSION,True,EXECUTED_TRIGGERED,,M1_TO_D1_OHLC+SPREAD
GBPJPY,VOLATILITY_REGIME,True,EXECUTED_TRIGGERED,,M1_TO_D1_OHLC+SPREAD
GBPJPY,SESSION_TIME,True,EXECUTED_TRIGGERED,,M1+ASSET_MARKET_CALENDAR+DST
GBPJPY,ORDER_FLOW_MICROSTRUCTURE,True,DATA_GATED,BID_ASK_TICKS+SPREAD+OPTIONAL_DEPTH,BID_ASK_TICKS+SPREAD+OPTIONAL_DEPTH
GBPJPY,RELATIVE_VALUE_PAIRS,True,EXECUTED_TRIGGERED,,SYNCHRONIZED_PEER_PATHS
GBPJPY,INTERMARKET,True,EXECUTED_NO_TRIGGER,,SYNCHRONIZED_CROSS_ASSET+FACTOR_FEEDS
GBPJPY,CARRY_VALUE,True,DATA_GATED,RATES+SWAPS+FORWARDS,RATES+SWAPS+FORWARDS
GBPJPY,CRYPTO_FUNDING_BASIS,False,NON_NATIVE_FAMILY_GATED,ASSET_CLASS_NOT_NATIVE_FOR_FAMILY,PERP_FUNDING+BASIS+OI+LIQUIDATIONS
GBPJPY,EVENT_RESPONSE,True,DATA_GATED,MACRO+CENTRAL_BANK_EVENT_FEED,MACRO+CENTRAL_BANK_EVENT_FEED
GBPJPY,ENSEMBLE_REGIME,True,EXECUTED_TRIGGERED,,SURVIVING_FAMILY_SCORES+REGIME_STATE
EURGBP,SUPPLY_DEMAND,True,EXECUTED_TRIGGERED,,M1_TO_D1_OHLC+SPREAD
EURGBP,LIQUIDITY_STRUCTURE,True,EXECUTED_TRIGGERED,,M1_M5_M15_OHLC+SPREAD
EURGBP,TREND_FOLLOWING,True,EXECUTED_TRIGGERED,,M1_TO_D1_OHLC+SPREAD
EURGBP,MOMENTUM_PULLBACK,True,EXECUTED_TRIGGERED,,M1_TO_D1_OHLC+SPREAD
EURGBP,BREAKOUT_RETEST,True,EXECUTED_TRIGGERED,,M1_M5_M15_OHLC+SPREAD
EURGBP,MEAN_REVERSION,True,EXECUTED_TRIGGERED,,M1_TO_D1_OHLC+SPREAD
EURGBP,VOLATILITY_REGIME,True,EXECUTED_TRIGGERED,,M1_TO_D1_OHLC+SPREAD
EURGBP,SESSION_TIME,True,EXECUTED_TRIGGERED,,M1+ASSET_MARKET_CALENDAR+DST
EURGBP,ORDER_FLOW_MICROSTRUCTURE,True,DATA_GATED,BID_ASK_TICKS+SPREAD+OPTIONAL_DEPTH,BID_ASK_TICKS+SPREAD+OPTIONAL_DEPTH
EURGBP,RELATIVE_VALUE_PAIRS,True,EXECUTED_TRIGGERED,,SYNCHRONIZED_PEER_PATHS
EURGBP,INTERMARKET,True,EXECUTED_NO_TRIGGER,,SYNCHRONIZED_CROSS_ASSET+FACTOR_FEEDS
EURGBP,CARRY_VALUE,True,DATA_GATED,RATES+SWAPS+FORWARDS,RATES+SWAPS+FORWARDS
EURGBP,CRYPTO_FUNDING_BASIS,False,NON_NATIVE_FAMILY_GATED,ASSET_CLASS_NOT_NATIVE_FOR_FAMILY,PERP_FUNDING+BASIS+OI+LIQUIDATIONS
EURGBP,EVENT_RESPONSE,True,DATA_GATED,MACRO+CENTRAL_BANK_EVENT_FEED,MACRO+CENTRAL_BANK_EVENT_FEED
EURGBP,ENSEMBLE_REGIME,True,EXECUTED_TRIGGERED,,SURVIVING_FAMILY_SCORES+REGIME_STATE
AUDJPY,SUPPLY_DEMAND,True,EXECUTED_TRIGGERED,,M1_TO_D1_OHLC+SPREAD
AUDJPY,LIQUIDITY_STRUCTURE,True,EXECUTED_TRIGGERED,,M1_M5_M15_OHLC+SPREAD
AUDJPY,TREND_FOLLOWING,True,EXECUTED_TRIGGERED,,M1_TO_D1_OHLC+SPREAD
AUDJPY,MOMENTUM_PULLBACK,True,EXECUTED_TRIGGERED,,M1_TO_D1_OHLC+SPREAD
AUDJPY,BREAKOUT_RETEST,True,EXECUTED_TRIGGERED,,M1_M5_M15_OHLC+SPREAD
AUDJPY,MEAN_REVERSION,True,EXECUTED_TRIGGERED,,M1_TO_D1_OHLC+SPREAD
AUDJPY,VOLATILITY_REGIME,True,EXECUTED_TRIGGERED,,M1_TO_D1_OHLC+SPREAD
AUDJPY,SESSION_TIME,True,EXECUTED_TRIGGERED,,M1+ASSET_MARKET_CALENDAR+DST
AUDJPY,ORDER_FLOW_MICROSTRUCTURE,True,DATA_GATED,BID_ASK_TICKS+SPREAD+OPTIONAL_DEPTH,BID_ASK_TICKS+SPREAD+OPTIONAL_DEPTH
AUDJPY,RELATIVE_VALUE_PAIRS,True,EXECUTED_TRIGGERED,,SYNCHRONIZED_PEER_PATHS
AUDJPY,INTERMARKET,True,EXECUTED_NO_TRIGGER,,SYNCHRONIZED_CROSS_ASSET+FACTOR_FEEDS
AUDJPY,CARRY_VALUE,True,DATA_GATED,RATES+SWAPS+FORWARDS,RATES+SWAPS+FORWARDS
AUDJPY,CRYPTO_FUNDING_BASIS,False,NON_NATIVE_FAMILY_GATED,ASSET_CLASS_NOT_NATIVE_FOR_FAMILY,PERP_FUNDING+BASIS+OI+LIQUIDATIONS
AUDJPY,EVENT_RESPONSE,True,DATA_GATED,MACRO+CENTRAL_BANK_EVENT_FEED,MACRO+CENTRAL_BANK_EVENT_FEED
AUDJPY,ENSEMBLE_REGIME,True,EXECUTED_TRIGGERED,,SURVIVING_FAMILY_SCORES+REGIME_STATE
CADJPY,SUPPLY_DEMAND,True,EXECUTED_TRIGGERED,,M1_TO_D1_OHLC+SPREAD
CADJPY,LIQUIDITY_STRUCTURE,True,EXECUTED_TRIGGERED,,M1_M5_M15_OHLC+SPREAD
CADJPY,TREND_FOLLOWING,True,EXECUTED_TRIGGERED,,M1_TO_D1_OHLC+SPREAD
CADJPY,MOMENTUM_PULLBACK,True,EXECUTED_TRIGGERED,,M1_TO_D1_OHLC+SPREAD
CADJPY,BREAKOUT_RETEST,True,EXECUTED_TRIGGERED,,M1_M5_M15_OHLC+SPREAD
CADJPY,MEAN_REVERSION,True,EXECUTED_TRIGGERED,,M1_TO_D1_OHLC+SPREAD
CADJPY,VOLATILITY_REGIME,True,EXECUTED_TRIGGERED,,M1_TO_D1_OHLC+SPREAD
CADJPY,SESSION_TIME,True,EXECUTED_TRIGGERED,,M1+ASSET_MARKET_CALENDAR+DST
CADJPY,ORDER_FLOW_MICROSTRUCTURE,True,DATA_GATED,BID_ASK_TICKS+SPREAD+OPTIONAL_DEPTH,BID_ASK_TICKS+SPREAD+OPTIONAL_DEPTH
CADJPY,RELATIVE_VALUE_PAIRS,True,EXECUTED_TRIGGERED,,SYNCHRONIZED_PEER_PATHS
CADJPY,INTERMARKET,True,EXECUTED_TRIGGERED,,SYNCHRONIZED_CROSS_ASSET+FACTOR_FEEDS
CADJPY,CARRY_VALUE,True,DATA_GATED,RATES+SWAPS+FORWARDS,RATES+SWAPS+FORWARDS
CADJPY,CRYPTO_FUNDING_BASIS,False,NON_NATIVE_FAMILY_GATED,ASSET_CLASS_NOT_NATIVE_FOR_FAMILY,PERP_FUNDING+BASIS+OI+LIQUIDATIONS
CADJPY,EVENT_RESPONSE,True,DATA_GATED,MACRO+CENTRAL_BANK_EVENT_FEED,MACRO+CENTRAL_BANK_EVENT_FEED
CADJPY,ENSEMBLE_REGIME,True,EXECUTED_TRIGGERED,,SURVIVING_FAMILY_SCORES+REGIME_STATE
GBPCHF,SUPPLY_DEMAND,True,EXECUTED_TRIGGERED,,M1_TO_D1_OHLC+SPREAD
GBPCHF,LIQUIDITY_STRUCTURE,True,EXECUTED_TRIGGERED,,M1_M5_M15_OHLC+SPREAD
GBPCHF,TREND_FOLLOWING,True,EXECUTED_TRIGGERED,,M1_TO_D1_OHLC+SPREAD
GBPCHF,MOMENTUM_PULLBACK,True,EXECUTED_TRIGGERED,,M1_TO_D1_OHLC+SPREAD
GBPCHF,BREAKOUT_RETEST,True,EXECUTED_TRIGGERED,,M1_M5_M15_OHLC+SPREAD
GBPCHF,MEAN_REVERSION,True,EXECUTED_TRIGGERED,,M1_TO_D1_OHLC+SPREAD
GBPCHF,VOLATILITY_REGIME,True,EXECUTED_TRIGGERED,,M1_TO_D1_OHLC+SPREAD
GBPCHF,SESSION_TIME,True,EXECUTED_TRIGGERED,,M1+ASSET_MARKET_CALENDAR+DST
GBPCHF,ORDER_FLOW_MICROSTRUCTURE,True,DATA_GATED,BID_ASK_TICKS+SPREAD+OPTIONAL_DEPTH,BID_ASK_TICKS+SPREAD+OPTIONAL_DEPTH
GBPCHF,RELATIVE_VALUE_PAIRS,True,EXECUTED_TRIGGERED,,SYNCHRONIZED_PEER_PATHS
GBPCHF,INTERMARKET,True,EXECUTED_NO_TRIGGER,,SYNCHRONIZED_CROSS_ASSET+FACTOR_FEEDS
GBPCHF,CARRY_VALUE,True,DATA_GATED,RATES+SWAPS+FORWARDS,RATES+SWAPS+FORWARDS
GBPCHF,CRYPTO_FUNDING_BASIS,False,NON_NATIVE_FAMILY_GATED,ASSET_CLASS_NOT_NATIVE_FOR_FAMILY,PERP_FUNDING+BASIS+OI+LIQUIDATIONS
GBPCHF,EVENT_RESPONSE,True,DATA_GATED,MACRO+CENTRAL_BANK_EVENT_FEED,MACRO+CENTRAL_BANK_EVENT_FEED
GBPCHF,ENSEMBLE_REGIME,True,EXECUTED_TRIGGERED,,SURVIVING_FAMILY_SCORES+REGIME_STATE
XAUUSD,SUPPLY_DEMAND,True,EXECUTED_TRIGGERED,,M1_TO_D1_OHLC+SPREAD
XAUUSD,LIQUIDITY_STRUCTURE,True,EXECUTED_TRIGGERED,,M1_M5_M15_OHLC+SPREAD
XAUUSD,TREND_FOLLOWING,True,EXECUTED_TRIGGERED,,M1_TO_D1_OHLC+SPREAD
XAUUSD,MOMENTUM_PULLBACK,True,EXECUTED_TRIGGERED,,M1_TO_D1_OHLC+SPREAD
XAUUSD,BREAKOUT_RETEST,True,EXECUTED_TRIGGERED,,M1_M5_M15_OHLC+SPREAD
XAUUSD,MEAN_REVERSION,True,EXECUTED_TRIGGERED,,M1_TO_D1_OHLC+SPREAD
XAUUSD,VOLATILITY_REGIME,True,EXECUTED_TRIGGERED,,M1_TO_D1_OHLC+SPREAD
XAUUSD,SESSION_TIME,True,EXECUTED_TRIGGERED,,M1+ASSET_MARKET_CALENDAR+DST
XAUUSD,ORDER_FLOW_MICROSTRUCTURE,True,DATA_GATED,BID_ASK_TICKS+SPREAD+OPTIONAL_DEPTH,BID_ASK_TICKS+SPREAD+OPTIONAL_DEPTH
XAUUSD,RELATIVE_VALUE_PAIRS,True,EXECUTED_NO_TRIGGER,,SYNCHRONIZED_PEER_PATHS
XAUUSD,INTERMARKET,True,EXECUTED_NO_TRIGGER,,SYNCHRONIZED_CROSS_ASSET+FACTOR_FEEDS
XAUUSD,CARRY_VALUE,True,DATA_GATED,RATES+REAL_YIELDS+FORWARD_CURVE,RATES+REAL_YIELDS+FORWARD_CURVE
XAUUSD,CRYPTO_FUNDING_BASIS,False,NON_NATIVE_FAMILY_GATED,ASSET_CLASS_NOT_NATIVE_FOR_FAMILY,PERP_FUNDING+BASIS+OI+LIQUIDATIONS
XAUUSD,EVENT_RESPONSE,True,DATA_GATED,MACRO+RATES+GEOPOLITICAL_EVENT_FEED,MACRO+RATES+GEOPOLITICAL_EVENT_FEED
XAUUSD,ENSEMBLE_REGIME,True,EXECUTED_TRIGGERED,,SURVIVING_FAMILY_SCORES+REGIME_STATE
XAGUSD,SUPPLY_DEMAND,True,EXECUTED_TRIGGERED,,M1_TO_D1_OHLC+SPREAD
XAGUSD,LIQUIDITY_STRUCTURE,True,EXECUTED_TRIGGERED,,M1_M5_M15_OHLC+SPREAD
XAGUSD,TREND_FOLLOWING,True,EXECUTED_TRIGGERED,,M1_TO_D1_OHLC+SPREAD
XAGUSD,MOMENTUM_PULLBACK,True,EXECUTED_TRIGGERED,,M1_TO_D1_OHLC+SPREAD
XAGUSD,BREAKOUT_RETEST,True,EXECUTED_TRIGGERED,,M1_M5_M15_OHLC+SPREAD
XAGUSD,MEAN_REVERSION,True,EXECUTED_TRIGGERED,,M1_TO_D1_OHLC+SPREAD
XAGUSD,VOLATILITY_REGIME,True,EXECUTED_TRIGGERED,,M1_TO_D1_OHLC+SPREAD
XAGUSD,SESSION_TIME,True,EXECUTED_TRIGGERED,,M1+ASSET_MARKET_CALENDAR+DST
XAGUSD,ORDER_FLOW_MICROSTRUCTURE,True,DATA_GATED,BID_ASK_TICKS+SPREAD+OPTIONAL_DEPTH,BID_ASK_TICKS+SPREAD+OPTIONAL_DEPTH
XAGUSD,RELATIVE_VALUE_PAIRS,True,EXECUTED_NO_TRIGGER,,SYNCHRONIZED_PEER_PATHS
XAGUSD,INTERMARKET,True,EXECUTED_TRIGGERED,,SYNCHRONIZED_CROSS_ASSET+FACTOR_FEEDS
XAGUSD,CARRY_VALUE,True,DATA_GATED,RATES+REAL_YIELDS+FORWARD_CURVE,RATES+REAL_YIELDS+FORWARD_CURVE
XAGUSD,CRYPTO_FUNDING_BASIS,False,NON_NATIVE_FAMILY_GATED,ASSET_CLASS_NOT_NATIVE_FOR_FAMILY,PERP_FUNDING+BASIS+OI+LIQUIDATIONS
XAGUSD,EVENT_RESPONSE,True,DATA_GATED,MACRO+RATES+GEOPOLITICAL_EVENT_FEED,MACRO+RATES+GEOPOLITICAL_EVENT_FEED
XAGUSD,ENSEMBLE_REGIME,True,EXECUTED_TRIGGERED,,SURVIVING_FAMILY_SCORES+REGIME_STATE
BTCUSD,SUPPLY_DEMAND,True,EXECUTED_TRIGGERED,,M1_TO_D1_OHLC+SPREAD
BTCUSD,LIQUIDITY_STRUCTURE,True,EXECUTED_TRIGGERED,,M1_M5_M15_OHLC+SPREAD
BTCUSD,TREND_FOLLOWING,True,EXECUTED_TRIGGERED,,M1_TO_D1_OHLC+SPREAD
BTCUSD,MOMENTUM_PULLBACK,True,EXECUTED_TRIGGERED,,M1_TO_D1_OHLC+SPREAD
BTCUSD,BREAKOUT_RETEST,True,EXECUTED_TRIGGERED,,M1_M5_M15_OHLC+SPREAD
BTCUSD,MEAN_REVERSION,True,EXECUTED_TRIGGERED,,M1_TO_D1_OHLC+SPREAD
BTCUSD,VOLATILITY_REGIME,True,EXECUTED_TRIGGERED,,M1_TO_D1_OHLC+SPREAD
BTCUSD,SESSION_TIME,True,EXECUTED_TRIGGERED,,M1+ASSET_MARKET_CALENDAR+DST
BTCUSD,ORDER_FLOW_MICROSTRUCTURE,True,DATA_GATED,BID_ASK_TICKS+SPREAD+OPTIONAL_DEPTH,BID_ASK_TICKS+SPREAD+OPTIONAL_DEPTH
BTCUSD,RELATIVE_VALUE_PAIRS,True,EXECUTED_TRIGGERED,,SYNCHRONIZED_PEER_PATHS
BTCUSD,INTERMARKET,True,EXECUTED_NO_TRIGGER,,SYNCHRONIZED_CROSS_ASSET+FACTOR_FEEDS
BTCUSD,CARRY_VALUE,True,DATA_GATED,SPOT_FUTURES_BASIS+YIELD,SPOT_FUTURES_BASIS+YIELD
BTCUSD,CRYPTO_FUNDING_BASIS,True,DATA_GATED,PERP_FUNDING+BASIS+OI+LIQUIDATIONS,PERP_FUNDING+BASIS+OI+LIQUIDATIONS
BTCUSD,EVENT_RESPONSE,True,DATA_GATED,CRYPTO+MACRO+LIQUIDATION_EVENT_FEED,CRYPTO+MACRO+LIQUIDATION_EVENT_FEED
BTCUSD,ENSEMBLE_REGIME,True,EXECUTED_TRIGGERED,,SURVIVING_FAMILY_SCORES+REGIME_STATE
ETHUSD,SUPPLY_DEMAND,True,EXECUTED_TRIGGERED,,M1_TO_D1_OHLC+SPREAD
ETHUSD,LIQUIDITY_STRUCTURE,True,EXECUTED_TRIGGERED,,M1_M5_M15_OHLC+SPREAD
ETHUSD,TREND_FOLLOWING,True,EXECUTED_TRIGGERED,,M1_TO_D1_OHLC+SPREAD
ETHUSD,MOMENTUM_PULLBACK,True,EXECUTED_TRIGGERED,,M1_TO_D1_OHLC+SPREAD
ETHUSD,BREAKOUT_RETEST,True,EXECUTED_TRIGGERED,,M1_M5_M15_OHLC+SPREAD
ETHUSD,MEAN_REVERSION,True,EXECUTED_TRIGGERED,,M1_TO_D1_OHLC+SPREAD
ETHUSD,VOLATILITY_REGIME,True,EXECUTED_TRIGGERED,,M1_TO_D1_OHLC+SPREAD
ETHUSD,SESSION_TIME,True,EXECUTED_TRIGGERED,,M1+ASSET_MARKET_CALENDAR+DST
ETHUSD,ORDER_FLOW_MICROSTRUCTURE,True,DATA_GATED,BID_ASK_TICKS+SPREAD+OPTIONAL_DEPTH,BID_ASK_TICKS+SPREAD+OPTIONAL_DEPTH
ETHUSD,RELATIVE_VALUE_PAIRS,True,EXECUTED_TRIGGERED,,SYNCHRONIZED_PEER_PATHS
ETHUSD,INTERMARKET,True,EXECUTED_TRIGGERED,,SYNCHRONIZED_CROSS_ASSET+FACTOR_FEEDS
ETHUSD,CARRY_VALUE,True,DATA_GATED,SPOT_FUTURES_BASIS+YIELD,SPOT_FUTURES_BASIS+YIELD
ETHUSD,CRYPTO_FUNDING_BASIS,True,DATA_GATED,PERP_FUNDING+BASIS+OI+LIQUIDATIONS,PERP_FUNDING+BASIS+OI+LIQUIDATIONS
ETHUSD,EVENT_RESPONSE,True,DATA_GATED,CRYPTO+MACRO+LIQUIDATION_EVENT_FEED,CRYPTO+MACRO+LIQUIDATION_EVENT_FEED
ETHUSD,ENSEMBLE_REGIME,True,EXECUTED_TRIGGERED,,SURVIVING_FAMILY_SCORES+REGIME_STATE
SOLUSD,SUPPLY_DEMAND,True,EXECUTED_TRIGGERED,,M1_TO_D1_OHLC+SPREAD
SOLUSD,LIQUIDITY_STRUCTURE,True,EXECUTED_TRIGGERED,,M1_M5_M15_OHLC+SPREAD
SOLUSD,TREND_FOLLOWING,True,EXECUTED_TRIGGERED,,M1_TO_D1_OHLC+SPREAD
SOLUSD,MOMENTUM_PULLBACK,True,EXECUTED_TRIGGERED,,M1_TO_D1_OHLC+SPREAD
SOLUSD,BREAKOUT_RETEST,True,EXECUTED_TRIGGERED,,M1_M5_M15_OHLC+SPREAD
SOLUSD,MEAN_REVERSION,True,EXECUTED_TRIGGERED,,M1_TO_D1_OHLC+SPREAD
SOLUSD,VOLATILITY_REGIME,True,EXECUTED_TRIGGERED,,M1_TO_D1_OHLC+SPREAD
SOLUSD,SESSION_TIME,True,EXECUTED_TRIGGERED,,M1+ASSET_MARKET_CALENDAR+DST
SOLUSD,ORDER_FLOW_MICROSTRUCTURE,True,DATA_GATED,BID_ASK_TICKS+SPREAD+OPTIONAL_DEPTH,BID_ASK_TICKS+SPREAD+OPTIONAL_DEPTH
SOLUSD,RELATIVE_VALUE_PAIRS,True,EXECUTED_TRIGGERED,,SYNCHRONIZED_PEER_PATHS
SOLUSD,INTERMARKET,True,EXECUTED_TRIGGERED,,SYNCHRONIZED_CROSS_ASSET+FACTOR_FEEDS
SOLUSD,CARRY_VALUE,True,DATA_GATED,SPOT_FUTURES_BASIS+YIELD,SPOT_FUTURES_BASIS+YIELD
SOLUSD,CRYPTO_FUNDING_BASIS,True,DATA_GATED,PERP_FUNDING+BASIS+OI+LIQUIDATIONS,PERP_FUNDING+BASIS+OI+LIQUIDATIONS
SOLUSD,EVENT_RESPONSE,True,DATA_GATED,CRYPTO+MACRO+LIQUIDATION_EVENT_FEED,CRYPTO+MACRO+LIQUIDATION_EVENT_FEED
SOLUSD,ENSEMBLE_REGIME,True,EXECUTED_TRIGGERED,,SURVIVING_FAMILY_SCORES+REGIME_STATE
BNBUSD,SUPPLY_DEMAND,True,EXECUTED_TRIGGERED,,M1_TO_D1_OHLC+SPREAD
BNBUSD,LIQUIDITY_STRUCTURE,True,EXECUTED_TRIGGERED,,M1_M5_M15_OHLC+SPREAD
BNBUSD,TREND_FOLLOWING,True,EXECUTED_TRIGGERED,,M1_TO_D1_OHLC+SPREAD
BNBUSD,MOMENTUM_PULLBACK,True,EXECUTED_TRIGGERED,,M1_TO_D1_OHLC+SPREAD
BNBUSD,BREAKOUT_RETEST,True,EXECUTED_TRIGGERED,,M1_M5_M15_OHLC+SPREAD
BNBUSD,MEAN_REVERSION,True,EXECUTED_TRIGGERED,,M1_TO_D1_OHLC+SPREAD
BNBUSD,VOLATILITY_REGIME,True,EXECUTED_TRIGGERED,,M1_TO_D1_OHLC+SPREAD
BNBUSD,SESSION_TIME,True,EXECUTED_TRIGGERED,,M1+ASSET_MARKET_CALENDAR+DST
BNBUSD,ORDER_FLOW_MICROSTRUCTURE,True,DATA_GATED,BID_ASK_TICKS+SPREAD+OPTIONAL_DEPTH,BID_ASK_TICKS+SPREAD+OPTIONAL_DEPTH
BNBUSD,RELATIVE_VALUE_PAIRS,True,EXECUTED_TRIGGERED,,SYNCHRONIZED_PEER_PATHS
BNBUSD,INTERMARKET,True,EXECUTED_TRIGGERED,,SYNCHRONIZED_CROSS_ASSET+FACTOR_FEEDS
BNBUSD,CARRY_VALUE,True,DATA_GATED,SPOT_FUTURES_BASIS+YIELD,SPOT_FUTURES_BASIS+YIELD
BNBUSD,CRYPTO_FUNDING_BASIS,True,DATA_GATED,PERP_FUNDING+BASIS+OI+LIQUIDATIONS,PERP_FUNDING+BASIS+OI+LIQUIDATIONS
BNBUSD,EVENT_RESPONSE,True,DATA_GATED,CRYPTO+MACRO+LIQUIDATION_EVENT_FEED,CRYPTO+MACRO+LIQUIDATION_EVENT_FEED
BNBUSD,ENSEMBLE_REGIME,True,EXECUTED_TRIGGERED,,SURVIVING_FAMILY_SCORES+REGIME_STATE
XRPUSD,SUPPLY_DEMAND,True,EXECUTED_TRIGGERED,,M1_TO_D1_OHLC+SPREAD
XRPUSD,LIQUIDITY_STRUCTURE,True,EXECUTED_TRIGGERED,,M1_M5_M15_OHLC+SPREAD
XRPUSD,TREND_FOLLOWING,True,EXECUTED_TRIGGERED,,M1_TO_D1_OHLC+SPREAD
XRPUSD,MOMENTUM_PULLBACK,True,EXECUTED_TRIGGERED,,M1_TO_D1_OHLC+SPREAD
XRPUSD,BREAKOUT_RETEST,True,EXECUTED_TRIGGERED,,M1_M5_M15_OHLC+SPREAD
XRPUSD,MEAN_REVERSION,True,EXECUTED_TRIGGERED,,M1_TO_D1_OHLC+SPREAD
XRPUSD,VOLATILITY_REGIME,True,EXECUTED_TRIGGERED,,M1_TO_D1_OHLC+SPREAD
XRPUSD,SESSION_TIME,True,EXECUTED_TRIGGERED,,M1+ASSET_MARKET_CALENDAR+DST
XRPUSD,ORDER_FLOW_MICROSTRUCTURE,True,DATA_GATED,BID_ASK_TICKS+SPREAD+OPTIONAL_DEPTH,BID_ASK_TICKS+SPREAD+OPTIONAL_DEPTH
XRPUSD,RELATIVE_VALUE_PAIRS,True,EXECUTED_TRIGGERED,,SYNCHRONIZED_PEER_PATHS
XRPUSD,INTERMARKET,True,EXECUTED_TRIGGERED,,SYNCHRONIZED_CROSS_ASSET+FACTOR_FEEDS
XRPUSD,CARRY_VALUE,True,DATA_GATED,SPOT_FUTURES_BASIS+YIELD,SPOT_FUTURES_BASIS+YIELD
XRPUSD,CRYPTO_FUNDING_BASIS,True,DATA_GATED,PERP_FUNDING+BASIS+OI+LIQUIDATIONS,PERP_FUNDING+BASIS+OI+LIQUIDATIONS
XRPUSD,EVENT_RESPONSE,True,DATA_GATED,CRYPTO+MACRO+LIQUIDATION_EVENT_FEED,CRYPTO+MACRO+LIQUIDATION_EVENT_FEED
XRPUSD,ENSEMBLE_REGIME,True,EXECUTED_TRIGGERED,,SURVIVING_FAMILY_SCORES+REGIME_STATE
US100,SUPPLY_DEMAND,True,EXECUTED_TRIGGERED,,M1_TO_D1_OHLC+SPREAD
US100,LIQUIDITY_STRUCTURE,True,EXECUTED_TRIGGERED,,M1_M5_M15_OHLC+SPREAD
US100,TREND_FOLLOWING,True,EXECUTED_TRIGGERED,,M1_TO_D1_OHLC+SPREAD
US100,MOMENTUM_PULLBACK,True,EXECUTED_TRIGGERED,,M1_TO_D1_OHLC+SPREAD
US100,BREAKOUT_RETEST,True,EXECUTED_TRIGGERED,,M1_M5_M15_OHLC+SPREAD
US100,MEAN_REVERSION,True,EXECUTED_TRIGGERED,,M1_TO_D1_OHLC+SPREAD
US100,VOLATILITY_REGIME,True,EXECUTED_TRIGGERED,,M1_TO_D1_OHLC+SPREAD
US100,SESSION_TIME,True,EXECUTED_TRIGGERED,,M1+ASSET_MARKET_CALENDAR+DST
US100,ORDER_FLOW_MICROSTRUCTURE,True,DATA_GATED,BID_ASK_TICKS+SPREAD+OPTIONAL_DEPTH,BID_ASK_TICKS+SPREAD+OPTIONAL_DEPTH
US100,RELATIVE_VALUE_PAIRS,True,EXECUTED_TRIGGERED,,SYNCHRONIZED_PEER_PATHS
US100,INTERMARKET,True,EXECUTED_TRIGGERED,,SYNCHRONIZED_CROSS_ASSET+FACTOR_FEEDS
US100,CARRY_VALUE,True,DATA_GATED,FUTURES_BASIS+RATES+DIVIDENDS,FUTURES_BASIS+RATES+DIVIDENDS
US100,CRYPTO_FUNDING_BASIS,False,NON_NATIVE_FAMILY_GATED,ASSET_CLASS_NOT_NATIVE_FOR_FAMILY,PERP_FUNDING+BASIS+OI+LIQUIDATIONS
US100,EVENT_RESPONSE,True,DATA_GATED,MACRO+EARNINGS+RATES_EVENT_FEED,MACRO+EARNINGS+RATES_EVENT_FEED
US100,ENSEMBLE_REGIME,True,EXECUTED_TRIGGERED,,SURVIVING_FAMILY_SCORES+REGIME_STATE
US500,SUPPLY_DEMAND,True,EXECUTED_TRIGGERED,,M1_TO_D1_OHLC+SPREAD
US500,LIQUIDITY_STRUCTURE,True,EXECUTED_TRIGGERED,,M1_M5_M15_OHLC+SPREAD
US500,TREND_FOLLOWING,True,EXECUTED_TRIGGERED,,M1_TO_D1_OHLC+SPREAD
US500,MOMENTUM_PULLBACK,True,EXECUTED_TRIGGERED,,M1_TO_D1_OHLC+SPREAD
US500,BREAKOUT_RETEST,True,EXECUTED_TRIGGERED,,M1_M5_M15_OHLC+SPREAD
US500,MEAN_REVERSION,True,EXECUTED_TRIGGERED,,M1_TO_D1_OHLC+SPREAD
US500,VOLATILITY_REGIME,True,EXECUTED_TRIGGERED,,M1_TO_D1_OHLC+SPREAD
US500,SESSION_TIME,True,EXECUTED_TRIGGERED,,M1+ASSET_MARKET_CALENDAR+DST
US500,ORDER_FLOW_MICROSTRUCTURE,True,DATA_GATED,BID_ASK_TICKS+SPREAD+OPTIONAL_DEPTH,BID_ASK_TICKS+SPREAD+OPTIONAL_DEPTH
US500,RELATIVE_VALUE_PAIRS,True,EXECUTED_TRIGGERED,,SYNCHRONIZED_PEER_PATHS
US500,INTERMARKET,True,EXECUTED_NO_TRIGGER,,SYNCHRONIZED_CROSS_ASSET+FACTOR_FEEDS
US500,CARRY_VALUE,True,DATA_GATED,FUTURES_BASIS+RATES+DIVIDENDS,FUTURES_BASIS+RATES+DIVIDENDS
US500,CRYPTO_FUNDING_BASIS,False,NON_NATIVE_FAMILY_GATED,ASSET_CLASS_NOT_NATIVE_FOR_FAMILY,PERP_FUNDING+BASIS+OI+LIQUIDATIONS
US500,EVENT_RESPONSE,True,DATA_GATED,MACRO+EARNINGS+RATES_EVENT_FEED,MACRO+EARNINGS+RATES_EVENT_FEED
US500,ENSEMBLE_REGIME,True,EXECUTED_TRIGGERED,,SURVIVING_FAMILY_SCORES+REGIME_STATE
US30,SUPPLY_DEMAND,True,EXECUTED_TRIGGERED,,M1_TO_D1_OHLC+SPREAD
US30,LIQUIDITY_STRUCTURE,True,EXECUTED_TRIGGERED,,M1_M5_M15_OHLC+SPREAD
US30,TREND_FOLLOWING,True,EXECUTED_TRIGGERED,,M1_TO_D1_OHLC+SPREAD
US30,MOMENTUM_PULLBACK,True,EXECUTED_TRIGGERED,,M1_TO_D1_OHLC+SPREAD
US30,BREAKOUT_RETEST,True,EXECUTED_TRIGGERED,,M1_M5_M15_OHLC+SPREAD
US30,MEAN_REVERSION,True,EXECUTED_TRIGGERED,,M1_TO_D1_OHLC+SPREAD
US30,VOLATILITY_REGIME,True,EXECUTED_TRIGGERED,,M1_TO_D1_OHLC+SPREAD
US30,SESSION_TIME,True,EXECUTED_TRIGGERED,,M1+ASSET_MARKET_CALENDAR+DST
US30,ORDER_FLOW_MICROSTRUCTURE,True,DATA_GATED,BID_ASK_TICKS+SPREAD+OPTIONAL_DEPTH,BID_ASK_TICKS+SPREAD+OPTIONAL_DEPTH
US30,RELATIVE_VALUE_PAIRS,True,EXECUTED_TRIGGERED,,SYNCHRONIZED_PEER_PATHS
US30,INTERMARKET,True,EXECUTED_TRIGGERED,,SYNCHRONIZED_CROSS_ASSET+FACTOR_FEEDS
US30,CARRY_VALUE,True,DATA_GATED,FUTURES_BASIS+RATES+DIVIDENDS,FUTURES_BASIS+RATES+DIVIDENDS
US30,CRYPTO_FUNDING_BASIS,False,NON_NATIVE_FAMILY_GATED,ASSET_CLASS_NOT_NATIVE_FOR_FAMILY,PERP_FUNDING+BASIS+OI+LIQUIDATIONS
US30,EVENT_RESPONSE,True,DATA_GATED,MACRO+EARNINGS+RATES_EVENT_FEED,MACRO+EARNINGS+RATES_EVENT_FEED
US30,ENSEMBLE_REGIME,True,EXECUTED_TRIGGERED,,SURVIVING_FAMILY_SCORES+REGIME_STATE
GER40,SUPPLY_DEMAND,True,EXECUTED_TRIGGERED,,M1_TO_D1_OHLC+SPREAD
GER40,LIQUIDITY_STRUCTURE,True,EXECUTED_TRIGGERED,,M1_M5_M15_OHLC+SPREAD
GER40,TREND_FOLLOWING,True,EXECUTED_TRIGGERED,,M1_TO_D1_OHLC+SPREAD
GER40,MOMENTUM_PULLBACK,True,EXECUTED_TRIGGERED,,M1_TO_D1_OHLC+SPREAD
GER40,BREAKOUT_RETEST,True,EXECUTED_TRIGGERED,,M1_M5_M15_OHLC+SPREAD
GER40,MEAN_REVERSION,True,EXECUTED_TRIGGERED,,M1_TO_D1_OHLC+SPREAD
GER40,VOLATILITY_REGIME,True,EXECUTED_TRIGGERED,,M1_TO_D1_OHLC+SPREAD
GER40,SESSION_TIME,True,EXECUTED_TRIGGERED,,M1+ASSET_MARKET_CALENDAR+DST
GER40,ORDER_FLOW_MICROSTRUCTURE,True,DATA_GATED,BID_ASK_TICKS+SPREAD+OPTIONAL_DEPTH,BID_ASK_TICKS+SPREAD+OPTIONAL_DEPTH
GER40,RELATIVE_VALUE_PAIRS,True,EXECUTED_TRIGGERED,,SYNCHRONIZED_PEER_PATHS
GER40,INTERMARKET,True,EXECUTED_TRIGGERED,,SYNCHRONIZED_CROSS_ASSET+FACTOR_FEEDS
GER40,CARRY_VALUE,True,DATA_GATED,FUTURES_BASIS+RATES+DIVIDENDS,FUTURES_BASIS+RATES+DIVIDENDS
GER40,CRYPTO_FUNDING_BASIS,False,NON_NATIVE_FAMILY_GATED,ASSET_CLASS_NOT_NATIVE_FOR_FAMILY,PERP_FUNDING+BASIS+OI+LIQUIDATIONS
GER40,EVENT_RESPONSE,True,DATA_GATED,MACRO+EARNINGS+RATES_EVENT_FEED,MACRO+EARNINGS+RATES_EVENT_FEED
GER40,ENSEMBLE_REGIME,True,EXECUTED_TRIGGERED,,SURVIVING_FAMILY_SCORES+REGIME_STATE
UK100,SUPPLY_DEMAND,True,EXECUTED_TRIGGERED,,M1_TO_D1_OHLC+SPREAD
UK100,LIQUIDITY_STRUCTURE,True,EXECUTED_TRIGGERED,,M1_M5_M15_OHLC+SPREAD
UK100,TREND_FOLLOWING,True,EXECUTED_TRIGGERED,,M1_TO_D1_OHLC+SPREAD
UK100,MOMENTUM_PULLBACK,True,EXECUTED_TRIGGERED,,M1_TO_D1_OHLC+SPREAD
UK100,BREAKOUT_RETEST,True,EXECUTED_TRIGGERED,,M1_M5_M15_OHLC+SPREAD
UK100,MEAN_REVERSION,True,EXECUTED_TRIGGERED,,M1_TO_D1_OHLC+SPREAD
UK100,VOLATILITY_REGIME,True,EXECUTED_TRIGGERED,,M1_TO_D1_OHLC+SPREAD
UK100,SESSION_TIME,True,EXECUTED_TRIGGERED,,M1+ASSET_MARKET_CALENDAR+DST
UK100,ORDER_FLOW_MICROSTRUCTURE,True,DATA_GATED,BID_ASK_TICKS+SPREAD+OPTIONAL_DEPTH,BID_ASK_TICKS+SPREAD+OPTIONAL_DEPTH
UK100,RELATIVE_VALUE_PAIRS,True,EXECUTED_TRIGGERED,,SYNCHRONIZED_PEER_PATHS
UK100,INTERMARKET,True,EXECUTED_TRIGGERED,,SYNCHRONIZED_CROSS_ASSET+FACTOR_FEEDS
UK100,CARRY_VALUE,True,DATA_GATED,FUTURES_BASIS+RATES+DIVIDENDS,FUTURES_BASIS+RATES+DIVIDENDS
UK100,CRYPTO_FUNDING_BASIS,False,NON_NATIVE_FAMILY_GATED,ASSET_CLASS_NOT_NATIVE_FOR_FAMILY,PERP_FUNDING+BASIS+OI+LIQUIDATIONS
UK100,EVENT_RESPONSE,True,DATA_GATED,MACRO+EARNINGS+RATES_EVENT_FEED,MACRO+EARNINGS+RATES_EVENT_FEED
UK100,ENSEMBLE_REGIME,True,EXECUTED_TRIGGERED,,SURVIVING_FAMILY_SCORES+REGIME_STATE
JP225,SUPPLY_DEMAND,True,EXECUTED_TRIGGERED,,M1_TO_D1_OHLC+SPREAD
JP225,LIQUIDITY_STRUCTURE,True,EXECUTED_TRIGGERED,,M1_M5_M15_OHLC+SPREAD
JP225,TREND_FOLLOWING,True,EXECUTED_TRIGGERED,,M1_TO_D1_OHLC+SPREAD
JP225,MOMENTUM_PULLBACK,True,EXECUTED_TRIGGERED,,M1_TO_D1_OHLC+SPREAD
JP225,BREAKOUT_RETEST,True,EXECUTED_TRIGGERED,,M1_M5_M15_OHLC+SPREAD
JP225,MEAN_REVERSION,True,EXECUTED_TRIGGERED,,M1_TO_D1_OHLC+SPREAD
JP225,VOLATILITY_REGIME,True,EXECUTED_TRIGGERED,,M1_TO_D1_OHLC+SPREAD
JP225,SESSION_TIME,True,EXECUTED_TRIGGERED,,M1+ASSET_MARKET_CALENDAR+DST
JP225,ORDER_FLOW_MICROSTRUCTURE,True,DATA_GATED,BID_ASK_TICKS+SPREAD+OPTIONAL_DEPTH,BID_ASK_TICKS+SPREAD+OPTIONAL_DEPTH
JP225,RELATIVE_VALUE_PAIRS,True,EXECUTED_TRIGGERED,,SYNCHRONIZED_PEER_PATHS
JP225,INTERMARKET,True,EXECUTED_TRIGGERED,,SYNCHRONIZED_CROSS_ASSET+FACTOR_FEEDS
JP225,CARRY_VALUE,True,DATA_GATED,FUTURES_BASIS+RATES+DIVIDENDS,FUTURES_BASIS+RATES+DIVIDENDS
JP225,CRYPTO_FUNDING_BASIS,False,NON_NATIVE_FAMILY_GATED,ASSET_CLASS_NOT_NATIVE_FOR_FAMILY,PERP_FUNDING+BASIS+OI+LIQUIDATIONS
JP225,EVENT_RESPONSE,True,DATA_GATED,MACRO+EARNINGS+RATES_EVENT_FEED,MACRO+EARNINGS+RATES_EVENT_FEED
JP225,ENSEMBLE_REGIME,True,EXECUTED_TRIGGERED,,SURVIVING_FAMILY_SCORES+REGIME_STATE
WTI,SUPPLY_DEMAND,True,EXECUTED_TRIGGERED,,M1_TO_D1_OHLC+SPREAD
WTI,LIQUIDITY_STRUCTURE,True,EXECUTED_TRIGGERED,,M1_M5_M15_OHLC+SPREAD
WTI,TREND_FOLLOWING,True,EXECUTED_TRIGGERED,,M1_TO_D1_OHLC+SPREAD
WTI,MOMENTUM_PULLBACK,True,EXECUTED_TRIGGERED,,M1_TO_D1_OHLC+SPREAD
WTI,BREAKOUT_RETEST,True,EXECUTED_TRIGGERED,,M1_M5_M15_OHLC+SPREAD
WTI,MEAN_REVERSION,True,EXECUTED_TRIGGERED,,M1_TO_D1_OHLC+SPREAD
WTI,VOLATILITY_REGIME,True,EXECUTED_TRIGGERED,,M1_TO_D1_OHLC+SPREAD
WTI,SESSION_TIME,True,EXECUTED_TRIGGERED,,M1+ASSET_MARKET_CALENDAR+DST
WTI,ORDER_FLOW_MICROSTRUCTURE,True,DATA_GATED,BID_ASK_TICKS+SPREAD+OPTIONAL_DEPTH,BID_ASK_TICKS+SPREAD+OPTIONAL_DEPTH
WTI,RELATIVE_VALUE_PAIRS,True,EXECUTED_TRIGGERED,,SYNCHRONIZED_PEER_PATHS
WTI,INTERMARKET,True,EXECUTED_NO_TRIGGER,,SYNCHRONIZED_CROSS_ASSET+FACTOR_FEEDS
WTI,CARRY_VALUE,True,DATA_GATED,TERM_STRUCTURE+ROLL_YIELD,TERM_STRUCTURE+ROLL_YIELD
WTI,CRYPTO_FUNDING_BASIS,False,NON_NATIVE_FAMILY_GATED,ASSET_CLASS_NOT_NATIVE_FOR_FAMILY,PERP_FUNDING+BASIS+OI+LIQUIDATIONS
WTI,EVENT_RESPONSE,True,DATA_GATED,INVENTORY+OPEC+WEATHER+GEOPOLITICAL_FEED,INVENTORY+OPEC+WEATHER+GEOPOLITICAL_FEED
WTI,ENSEMBLE_REGIME,True,EXECUTED_TRIGGERED,,SURVIVING_FAMILY_SCORES+REGIME_STATE
BRENT,SUPPLY_DEMAND,True,EXECUTED_TRIGGERED,,M1_TO_D1_OHLC+SPREAD
BRENT,LIQUIDITY_STRUCTURE,True,EXECUTED_TRIGGERED,,M1_M5_M15_OHLC+SPREAD
BRENT,TREND_FOLLOWING,True,EXECUTED_TRIGGERED,,M1_TO_D1_OHLC+SPREAD
BRENT,MOMENTUM_PULLBACK,True,EXECUTED_TRIGGERED,,M1_TO_D1_OHLC+SPREAD
BRENT,BREAKOUT_RETEST,True,EXECUTED_TRIGGERED,,M1_M5_M15_OHLC+SPREAD
BRENT,MEAN_REVERSION,True,EXECUTED_TRIGGERED,,M1_TO_D1_OHLC+SPREAD
BRENT,VOLATILITY_REGIME,True,EXECUTED_TRIGGERED,,M1_TO_D1_OHLC+SPREAD
BRENT,SESSION_TIME,True,EXECUTED_TRIGGERED,,M1+ASSET_MARKET_CALENDAR+DST
BRENT,ORDER_FLOW_MICROSTRUCTURE,True,DATA_GATED,BID_ASK_TICKS+SPREAD+OPTIONAL_DEPTH,BID_ASK_TICKS+SPREAD+OPTIONAL_DEPTH
BRENT,RELATIVE_VALUE_PAIRS,True,EXECUTED_TRIGGERED,,SYNCHRONIZED_PEER_PATHS
BRENT,INTERMARKET,True,EXECUTED_NO_TRIGGER,,SYNCHRONIZED_CROSS_ASSET+FACTOR_FEEDS
BRENT,CARRY_VALUE,True,DATA_GATED,TERM_STRUCTURE+ROLL_YIELD,TERM_STRUCTURE+ROLL_YIELD
BRENT,CRYPTO_FUNDING_BASIS,False,NON_NATIVE_FAMILY_GATED,ASSET_CLASS_NOT_NATIVE_FOR_FAMILY,PERP_FUNDING+BASIS+OI+LIQUIDATIONS
BRENT,EVENT_RESPONSE,True,DATA_GATED,INVENTORY+OPEC+WEATHER+GEOPOLITICAL_FEED,INVENTORY+OPEC+WEATHER+GEOPOLITICAL_FEED
BRENT,ENSEMBLE_REGIME,True,EXECUTED_TRIGGERED,,SURVIVING_FAMILY_SCORES+REGIME_STATE
NATGAS,SUPPLY_DEMAND,True,EXECUTED_TRIGGERED,,M1_TO_D1_OHLC+SPREAD
NATGAS,LIQUIDITY_STRUCTURE,True,EXECUTED_TRIGGERED,,M1_M5_M15_OHLC+SPREAD
NATGAS,TREND_FOLLOWING,True,EXECUTED_TRIGGERED,,M1_TO_D1_OHLC+SPREAD
NATGAS,MOMENTUM_PULLBACK,True,EXECUTED_TRIGGERED,,M1_TO_D1_OHLC+SPREAD
NATGAS,BREAKOUT_RETEST,True,EXECUTED_TRIGGERED,,M1_M5_M15_OHLC+SPREAD
NATGAS,MEAN_REVERSION,True,EXECUTED_TRIGGERED,,M1_TO_D1_OHLC+SPREAD
NATGAS,VOLATILITY_REGIME,True,EXECUTED_TRIGGERED,,M1_TO_D1_OHLC+SPREAD
NATGAS,SESSION_TIME,True,EXECUTED_TRIGGERED,,M1+ASSET_MARKET_CALENDAR+DST
NATGAS,ORDER_FLOW_MICROSTRUCTURE,True,DATA_GATED,BID_ASK_TICKS+SPREAD+OPTIONAL_DEPTH,BID_ASK_TICKS+SPREAD+OPTIONAL_DEPTH
NATGAS,RELATIVE_VALUE_PAIRS,True,EXECUTED_TRIGGERED,,SYNCHRONIZED_PEER_PATHS
NATGAS,INTERMARKET,True,EXECUTED_NO_TRIGGER,,SYNCHRONIZED_CROSS_ASSET+FACTOR_FEEDS
NATGAS,CARRY_VALUE,True,DATA_GATED,TERM_STRUCTURE+ROLL_YIELD,TERM_STRUCTURE+ROLL_YIELD
NATGAS,CRYPTO_FUNDING_BASIS,False,NON_NATIVE_FAMILY_GATED,ASSET_CLASS_NOT_NATIVE_FOR_FAMILY,PERP_FUNDING+BASIS+OI+LIQUIDATIONS
NATGAS,EVENT_RESPONSE,True,DATA_GATED,INVENTORY+OPEC+WEATHER+GEOPOLITICAL_FEED,INVENTORY+OPEC+WEATHER+GEOPOLITICAL_FEED
NATGAS,ENSEMBLE_REGIME,True,EXECUTED_TRIGGERED,,SURVIVING_FAMILY_SCORES+REGIME_STATE
V75,SUPPLY_DEMAND,True,EXECUTED_TRIGGERED,,M1_TO_D1_OHLC+SPREAD
V75,LIQUIDITY_STRUCTURE,True,EXECUTED_TRIGGERED,,M1_M5_M15_OHLC+SPREAD
V75,TREND_FOLLOWING,True,EXECUTED_TRIGGERED,,M1_TO_D1_OHLC+SPREAD
V75,MOMENTUM_PULLBACK,True,EXECUTED_TRIGGERED,,M1_TO_D1_OHLC+SPREAD
V75,BREAKOUT_RETEST,True,EXECUTED_TRIGGERED,,M1_M5_M15_OHLC+SPREAD
V75,MEAN_REVERSION,True,EXECUTED_TRIGGERED,,M1_TO_D1_OHLC+SPREAD
V75,VOLATILITY_REGIME,True,EXECUTED_TRIGGERED,,M1_TO_D1_OHLC+SPREAD
V75,SESSION_TIME,True,EXECUTED_TRIGGERED,,M1+ASSET_MARKET_CALENDAR+DST
V75,ORDER_FLOW_MICROSTRUCTURE,True,DATA_GATED,BID_ASK_TICKS+SPREAD+OPTIONAL_DEPTH,BID_ASK_TICKS+SPREAD+OPTIONAL_DEPTH
V75,RELATIVE_VALUE_PAIRS,False,NON_NATIVE_FAMILY_GATED,ASSET_CLASS_NOT_NATIVE_FOR_FAMILY,SYNCHRONIZED_PEER_PATHS
V75,INTERMARKET,False,NON_NATIVE_FAMILY_GATED,ASSET_CLASS_NOT_NATIVE_FOR_FAMILY,SYNCHRONIZED_CROSS_ASSET+FACTOR_FEEDS
V75,CARRY_VALUE,False,NON_NATIVE_FAMILY_GATED,ASSET_CLASS_NOT_NATIVE_FOR_FAMILY,NOT_NATIVE
V75,CRYPTO_FUNDING_BASIS,False,NON_NATIVE_FAMILY_GATED,ASSET_CLASS_NOT_NATIVE_FOR_FAMILY,PERP_FUNDING+BASIS+OI+LIQUIDATIONS
V75,EVENT_RESPONSE,False,NON_NATIVE_FAMILY_GATED,ASSET_CLASS_NOT_NATIVE_FOR_FAMILY,NOT_NATIVE
V75,ENSEMBLE_REGIME,True,EXECUTED_TRIGGERED,,SURVIVING_FAMILY_SCORES+REGIME_STATE
V50,SUPPLY_DEMAND,True,EXECUTED_TRIGGERED,,M1_TO_D1_OHLC+SPREAD
V50,LIQUIDITY_STRUCTURE,True,EXECUTED_TRIGGERED,,M1_M5_M15_OHLC+SPREAD
V50,TREND_FOLLOWING,True,EXECUTED_TRIGGERED,,M1_TO_D1_OHLC+SPREAD
V50,MOMENTUM_PULLBACK,True,EXECUTED_TRIGGERED,,M1_TO_D1_OHLC+SPREAD
V50,BREAKOUT_RETEST,True,EXECUTED_TRIGGERED,,M1_M5_M15_OHLC+SPREAD
V50,MEAN_REVERSION,True,EXECUTED_TRIGGERED,,M1_TO_D1_OHLC+SPREAD
V50,VOLATILITY_REGIME,True,EXECUTED_TRIGGERED,,M1_TO_D1_OHLC+SPREAD
V50,SESSION_TIME,True,EXECUTED_TRIGGERED,,M1+ASSET_MARKET_CALENDAR+DST
V50,ORDER_FLOW_MICROSTRUCTURE,True,DATA_GATED,BID_ASK_TICKS+SPREAD+OPTIONAL_DEPTH,BID_ASK_TICKS+SPREAD+OPTIONAL_DEPTH
V50,RELATIVE_VALUE_PAIRS,False,NON_NATIVE_FAMILY_GATED,ASSET_CLASS_NOT_NATIVE_FOR_FAMILY,SYNCHRONIZED_PEER_PATHS
V50,INTERMARKET,False,NON_NATIVE_FAMILY_GATED,ASSET_CLASS_NOT_NATIVE_FOR_FAMILY,SYNCHRONIZED_CROSS_ASSET+FACTOR_FEEDS
V50,CARRY_VALUE,False,NON_NATIVE_FAMILY_GATED,ASSET_CLASS_NOT_NATIVE_FOR_FAMILY,NOT_NATIVE
V50,CRYPTO_FUNDING_BASIS,False,NON_NATIVE_FAMILY_GATED,ASSET_CLASS_NOT_NATIVE_FOR_FAMILY,PERP_FUNDING+BASIS+OI+LIQUIDATIONS
V50,EVENT_RESPONSE,False,NON_NATIVE_FAMILY_GATED,ASSET_CLASS_NOT_NATIVE_FOR_FAMILY,NOT_NATIVE
V50,ENSEMBLE_REGIME,True,EXECUTED_TRIGGERED,,SURVIVING_FAMILY_SCORES+REGIME_STATE
V100,SUPPLY_DEMAND,True,EXECUTED_TRIGGERED,,M1_TO_D1_OHLC+SPREAD
V100,LIQUIDITY_STRUCTURE,True,EXECUTED_TRIGGERED,,M1_M5_M15_OHLC+SPREAD
V100,TREND_FOLLOWING,True,EXECUTED_TRIGGERED,,M1_TO_D1_OHLC+SPREAD
V100,MOMENTUM_PULLBACK,True,EXECUTED_TRIGGERED,,M1_TO_D1_OHLC+SPREAD
V100,BREAKOUT_RETEST,True,EXECUTED_TRIGGERED,,M1_M5_M15_OHLC+SPREAD
V100,MEAN_REVERSION,True,EXECUTED_TRIGGERED,,M1_TO_D1_OHLC+SPREAD
V100,VOLATILITY_REGIME,True,EXECUTED_TRIGGERED,,M1_TO_D1_OHLC+SPREAD
V100,SESSION_TIME,True,EXECUTED_TRIGGERED,,M1+ASSET_MARKET_CALENDAR+DST
V100,ORDER_FLOW_MICROSTRUCTURE,True,DATA_GATED,BID_ASK_TICKS+SPREAD+OPTIONAL_DEPTH,BID_ASK_TICKS+SPREAD+OPTIONAL_DEPTH
V100,RELATIVE_VALUE_PAIRS,False,NON_NATIVE_FAMILY_GATED,ASSET_CLASS_NOT_NATIVE_FOR_FAMILY,SYNCHRONIZED_PEER_PATHS
V100,INTERMARKET,False,NON_NATIVE_FAMILY_GATED,ASSET_CLASS_NOT_NATIVE_FOR_FAMILY,SYNCHRONIZED_CROSS_ASSET+FACTOR_FEEDS
V100,CARRY_VALUE,False,NON_NATIVE_FAMILY_GATED,ASSET_CLASS_NOT_NATIVE_FOR_FAMILY,NOT_NATIVE
V100,CRYPTO_FUNDING_BASIS,False,NON_NATIVE_FAMILY_GATED,ASSET_CLASS_NOT_NATIVE_FOR_FAMILY,PERP_FUNDING+BASIS+OI+LIQUIDATIONS
V100,EVENT_RESPONSE,False,NON_NATIVE_FAMILY_GATED,ASSET_CLASS_NOT_NATIVE_FOR_FAMILY,NOT_NATIVE
V100,ENSEMBLE_REGIME,True,EXECUTED_TRIGGERED,,SURVIVING_FAMILY_SCORES+REGIME_STATE
V25,SUPPLY_DEMAND,True,EXECUTED_TRIGGERED,,M1_TO_D1_OHLC+SPREAD
V25,LIQUIDITY_STRUCTURE,True,EXECUTED_TRIGGERED,,M1_M5_M15_OHLC+SPREAD
V25,TREND_FOLLOWING,True,EXECUTED_TRIGGERED,,M1_TO_D1_OHLC+SPREAD
V25,MOMENTUM_PULLBACK,True,EXECUTED_TRIGGERED,,M1_TO_D1_OHLC+SPREAD
V25,BREAKOUT_RETEST,True,EXECUTED_TRIGGERED,,M1_M5_M15_OHLC+SPREAD
V25,MEAN_REVERSION,True,EXECUTED_TRIGGERED,,M1_TO_D1_OHLC+SPREAD
V25,VOLATILITY_REGIME,True,EXECUTED_TRIGGERED,,M1_TO_D1_OHLC+SPREAD
V25,SESSION_TIME,True,EXECUTED_TRIGGERED,,M1+ASSET_MARKET_CALENDAR+DST
V25,ORDER_FLOW_MICROSTRUCTURE,True,DATA_GATED,BID_ASK_TICKS+SPREAD+OPTIONAL_DEPTH,BID_ASK_TICKS+SPREAD+OPTIONAL_DEPTH
V25,RELATIVE_VALUE_PAIRS,False,NON_NATIVE_FAMILY_GATED,ASSET_CLASS_NOT_NATIVE_FOR_FAMILY,SYNCHRONIZED_PEER_PATHS
V25,INTERMARKET,False,NON_NATIVE_FAMILY_GATED,ASSET_CLASS_NOT_NATIVE_FOR_FAMILY,SYNCHRONIZED_CROSS_ASSET+FACTOR_FEEDS
V25,CARRY_VALUE,False,NON_NATIVE_FAMILY_GATED,ASSET_CLASS_NOT_NATIVE_FOR_FAMILY,NOT_NATIVE
V25,CRYPTO_FUNDING_BASIS,False,NON_NATIVE_FAMILY_GATED,ASSET_CLASS_NOT_NATIVE_FOR_FAMILY,PERP_FUNDING+BASIS+OI+LIQUIDATIONS
V25,EVENT_RESPONSE,False,NON_NATIVE_FAMILY_GATED,ASSET_CLASS_NOT_NATIVE_FOR_FAMILY,NOT_NATIVE
V25,ENSEMBLE_REGIME,True,EXECUTED_TRIGGERED,,SURVIVING_FAMILY_SCORES+REGIME_STATE
V10,SUPPLY_DEMAND,True,EXECUTED_TRIGGERED,,M1_TO_D1_OHLC+SPREAD
V10,LIQUIDITY_STRUCTURE,True,EXECUTED_TRIGGERED,,M1_M5_M15_OHLC+SPREAD
V10,TREND_FOLLOWING,True,EXECUTED_TRIGGERED,,M1_TO_D1_OHLC+SPREAD
V10,MOMENTUM_PULLBACK,True,EXECUTED_TRIGGERED,,M1_TO_D1_OHLC+SPREAD
V10,BREAKOUT_RETEST,True,EXECUTED_TRIGGERED,,M1_M5_M15_OHLC+SPREAD
V10,MEAN_REVERSION,True,EXECUTED_TRIGGERED,,M1_TO_D1_OHLC+SPREAD
V10,VOLATILITY_REGIME,True,EXECUTED_TRIGGERED,,M1_TO_D1_OHLC+SPREAD
V10,SESSION_TIME,True,EXECUTED_TRIGGERED,,M1+ASSET_MARKET_CALENDAR+DST
V10,ORDER_FLOW_MICROSTRUCTURE,True,DATA_GATED,BID_ASK_TICKS+SPREAD+OPTIONAL_DEPTH,BID_ASK_TICKS+SPREAD+OPTIONAL_DEPTH
V10,RELATIVE_VALUE_PAIRS,False,NON_NATIVE_FAMILY_GATED,ASSET_CLASS_NOT_NATIVE_FOR_FAMILY,SYNCHRONIZED_PEER_PATHS
V10,INTERMARKET,False,NON_NATIVE_FAMILY_GATED,ASSET_CLASS_NOT_NATIVE_FOR_FAMILY,SYNCHRONIZED_CROSS_ASSET+FACTOR_FEEDS
V10,CARRY_VALUE,False,NON_NATIVE_FAMILY_GATED,ASSET_CLASS_NOT_NATIVE_FOR_FAMILY,NOT_NATIVE
V10,CRYPTO_FUNDING_BASIS,False,NON_NATIVE_FAMILY_GATED,ASSET_CLASS_NOT_NATIVE_FOR_FAMILY,PERP_FUNDING+BASIS+OI+LIQUIDATIONS
V10,EVENT_RESPONSE,False,NON_NATIVE_FAMILY_GATED,ASSET_CLASS_NOT_NATIVE_FOR_FAMILY,NOT_NATIVE
V10,ENSEMBLE_REGIME,True,EXECUTED_TRIGGERED,,SURVIVING_FAMILY_SCORES+REGIME_STATE
