week_start,asset,directional_open_close_pct,open_60m_move_pct,gross_session_open_range_pct,close_60m_move_pct,executable_swing_opportunity_pct,captured_positive_move_pct,capture_ratio,missed_move_pct,raw_candidate_signals,precision_promoted_signals,selected_campaigns,net_pnl,miss_reasons
2026-07-20,EURUSD,0.10897111898439521,0.1160039855153675,0.39981247855259266,0.10719655761393207,3.5288539419049276,0.0,0.0,3.5288539419049276,132,2,0,0.0,PRECISION_FILTER_REMOVED_MOST_SIGNALS|OPEN_RISK_BUDGET|LOW_OPPORTUNITY_CAPTURE
2026-07-20,GBPUSD,0.3131144203255124,0.3529233732915498,0.4586695129384092,0.08099121145302537,4.280705020541961,0.0,0.0,4.280705020541961,163,2,1,-0.4968821428572133,PRECISION_FILTER_REMOVED_MOST_SIGNALS|OPEN_RISK_BUDGET|FALSE_BREAK_OR_WRONG_DIRECTION|LOW_OPPORTUNITY_CAPTURE
2026-07-20,USDJPY,0.1258890000418187,0.07029698941202446,0.28936223820116,0.07816527647547453,2.557516991942849,0.0,0.0,2.557516991942849,129,2,1,0.0,PRECISION_FILTER_REMOVED_MOST_SIGNALS|OPEN_RISK_BUDGET|FALSE_BREAK_OR_WRONG_DIRECTION|WINNER_GIVEBACK|LOW_OPPORTUNITY_CAPTURE
2026-07-20,AUDUSD,0.26962921383459987,0.2852386876276888,0.5387368894067988,0.0816527279386274,4.832355626115061,0.0,0.0,4.832355626115061,124,0,0,0.0,CONFIG_NOT_VALIDATION_PROMOTED|LOW_OPPORTUNITY_CAPTURE
2026-07-20,USDCAD,0.13279204205822104,0.16189233867220723,0.4480201254821964,0.07166336897357412,3.043193826554328,0.0,0.0,3.043193826554328,178,2,0,0.0,PRECISION_FILTER_REMOVED_MOST_SIGNALS|OPEN_RISK_BUDGET|LOW_OPPORTUNITY_CAPTURE
2026-07-20,USDCHF,0.19107615442184897,0.14571257465198356,0.458987487115601,0.14682194925805397,4.659646272877621,0.0,0.0,4.659646272877621,143,4,2,0.0,PRECISION_FILTER_REMOVED_MOST_SIGNALS|SAME_ASSET_CAMPAIGN_ALREADY_OPEN|OPEN_RISK_BUDGET|FALSE_BREAK_OR_WRONG_DIRECTION|WINNER_GIVEBACK|LOW_OPPORTUNITY_CAPTURE
2026-07-20,NZDUSD,0.3739343617378676,0.2787894450252674,0.5587635589070339,0.09332313718219781,5.7969319816242635,0.0,0.0,5.7969319816242635,134,2,1,0.0,PRECISION_FILTER_REMOVED_MOST_SIGNALS|OPEN_RISK_BUDGET|FALSE_BREAK_OR_WRONG_DIRECTION|WINNER_GIVEBACK|LOW_OPPORTUNITY_CAPTURE
2026-07-20,EURJPY,0.13683465332886985,0.14327534105254258,0.28914943484497785,0.03862169704852405,2.7187227569692194,0.0,0.0,2.7187227569692194,128,2,2,0.0,PRECISION_FILTER_REMOVED_MOST_SIGNALS|FALSE_BREAK_OR_WRONG_DIRECTION|WINNER_GIVEBACK|LOW_OPPORTUNITY_CAPTURE
2026-07-20,GBPJPY,0.2402881974431504,0.2792617068474062,0.40743107501627085,0.058649893398019265,3.13029947047352,0.04718775345757249,0.015074517279471157,3.0831117170159477,151,4,2,1.3718571428572375,PRECISION_FILTER_REMOVED_MOST_SIGNALS|SAME_ASSET_CAMPAIGN_ALREADY_OPEN|ADDON_PARENT_NOT_OPEN|WINNER_GIVEBACK|LOW_OPPORTUNITY_CAPTURE
2026-07-20,EURGBP,0.2258880737189424,0.06438978496797076,0.2376651950916404,0.043350099900237166,2.3851070435499793,0.0,0.0,2.3851070435499793,129,2,0,0.0,PRECISION_FILTER_REMOVED_MOST_SIGNALS|OPEN_RISK_BUDGET|LOW_OPPORTUNITY_CAPTURE
2026-07-20,AUDJPY,0.28823727741512384,0.3299672923458012,0.4477997734629364,0.05774281746453944,4.2170299082339655,0.0,0.0,4.2170299082339655,136,0,0,0.0,CONFIG_NOT_VALIDATION_PROMOTED|LOW_OPPORTUNITY_CAPTURE
2026-07-20,CADJPY,0.20128137482353847,0.18926316019910205,0.38606258829667556,0.04817240674292966,3.207258093311699,0.0,0.0,3.207258093311699,125,0,0,0.0,CONFIG_NOT_VALIDATION_PROMOTED|LOW_OPPORTUNITY_CAPTURE
2026-07-20,GBPCHF,0.4561027043856789,0.1949370079162193,0.3012868153074335,0.029363175874624125,2.813903102327089,0.13752663284633607,0.04887397605575046,2.676376469480753,134,6,1,5.0852342857139465,PRECISION_FILTER_REMOVED_MOST_SIGNALS|OPEN_RISK_BUDGET|SAME_ASSET_CAMPAIGN_ALREADY_OPEN|WINNER_GIVEBACK|LOW_OPPORTUNITY_CAPTURE
2026-07-20,XAUUSD,0.2668643303614565,0.2971129777012153,2.1328766445699285,0.38663782425526216,12.176113062203378,0.0,0.0,12.176113062203378,117,0,0,0.0,CONFIG_NOT_VALIDATION_PROMOTED|LOW_OPPORTUNITY_CAPTURE
2026-07-20,XAGUSD,1.0063836941980855,1.0121466889571153,4.591795032962152,0.9690584942592568,29.75311906594645,0.0,0.0,29.75311906594645,114,0,0,0.0,CONFIG_NOT_VALIDATION_PROMOTED|LOW_OPPORTUNITY_CAPTURE
2026-07-20,BTCUSD,3.796021885407802,0.7668110084427707,4.310250650392845,0.27005289986948855,39.99998424782858,0.0,0.0,39.99998424782858,327,4,2,0.10446846428571527,PRECISION_FILTER_REMOVED_MOST_SIGNALS|LOT_BELOW_MIN|LOW_OPPORTUNITY_CAPTURE
2026-07-20,ETHUSD,5.977478492312185,0.9225271426189723,6.759830282439548,0.6738667966930131,57.757259228847296,0.0,0.0,57.757259228847296,375,0,0,0.0,CONFIG_NOT_VALIDATION_PROMOTED|LOW_OPPORTUNITY_CAPTURE
2026-07-20,SOLUSD,6.464011520590057,1.013963520619913,6.551425946069447,0.5129097825621494,57.982452205909965,0.0,0.0,57.982452205909965,325,1,1,-0.495748571428528,PRECISION_FILTER_REMOVED_MOST_SIGNALS|FALSE_BREAK_OR_WRONG_DIRECTION|LOW_OPPORTUNITY_CAPTURE
2026-07-20,BNBUSD,2.377689978582656,0.5406474051368756,3.945596125452953,0.2806920009199919,38.46731124056936,0.0,0.0,38.46731124056936,363,3,3,-0.9985039285715231,PRECISION_FILTER_REMOVED_MOST_SIGNALS|FALSE_BREAK_OR_WRONG_DIRECTION|LOW_OPPORTUNITY_CAPTURE
2026-07-20,XRPUSD,3.7136287855967143,1.008347845420809,5.164564615740847,0.7218794738574541,49.392557068498675,0.0,0.0,49.392557068498675,340,0,0,0.0,CONFIG_NOT_VALIDATION_PROMOTED|LOW_OPPORTUNITY_CAPTURE
2026-07-20,US100,2.4954695970288623,0.8696795845002194,1.2936364956838824,0.8463278277606883,17.675532530133804,0.0,0.0,17.675532530133804,151,0,0,0.0,CONFIG_NOT_VALIDATION_PROMOTED|LOW_OPPORTUNITY_CAPTURE
2026-07-20,US500,0.659366892674496,0.4189625124835543,0.7888837512276974,0.43911588057132317,9.98909358430763,0.0,0.0,9.98909358430763,124,0,0,0.0,CONFIG_NOT_VALIDATION_PROMOTED|LOW_OPPORTUNITY_CAPTURE
2026-07-20,US30,0.5209170027763459,0.37295143790349605,0.8006353037467334,0.2774590101526172,8.577334281491343,0.0,0.0,8.577334281491343,119,1,1,0.0,PRECISION_FILTER_REMOVED_MOST_SIGNALS|FALSE_BREAK_OR_WRONG_DIRECTION|WINNER_GIVEBACK|LOW_OPPORTUNITY_CAPTURE
2026-07-20,GER40,1.53628049657683,0.17770568719434593,0.9537061119912384,0.36549704012853623,11.181637314789965,0.0,0.0,11.181637314789965,118,0,0,0.0,CONFIG_NOT_VALIDATION_PROMOTED|LOW_OPPORTUNITY_CAPTURE
2026-07-20,UK100,1.2763661196080702,0.24102832162112547,1.0347886325904085,0.18126576540576395,10.308481741767055,0.08058081391390487,0.00781694297302911,10.22790092785315,153,1,1,0.6833837714284893,PRECISION_FILTER_REMOVED_MOST_SIGNALS|WINNER_GIVEBACK|LOW_OPPORTUNITY_CAPTURE
2026-07-20,JP225,2.4612438396182155,2.0253951068723595,2.015907070613381,0.38533663271954405,26.540915869527225,0.0,0.0,26.540915869527225,121,2,0,0.0,PRECISION_FILTER_REMOVED_MOST_SIGNALS|LOT_BELOW_MIN|LOW_OPPORTUNITY_CAPTURE
2026-07-20,WTI,3.8398796701314133,1.7668911686352968,3.1259116384363606,1.1902496047249953,40.76709471305778,0.0,0.0,40.76709471305778,117,1,1,0.0,PRECISION_FILTER_REMOVED_MOST_SIGNALS|FALSE_BREAK_OR_WRONG_DIRECTION|WINNER_GIVEBACK|LOW_OPPORTUNITY_CAPTURE
2026-07-20,BRENT,2.3969699624813465,0.6433948425604739,3.216252707882402,1.64014225166177,35.57473766044269,0.0,0.0,35.57473766044269,116,0,0,0.0,CONFIG_NOT_VALIDATION_PROMOTED|LOW_OPPORTUNITY_CAPTURE
2026-07-20,NATGAS,0.6693792701855839,0.4202979996572061,0.0,0.8603658188444134,4.384515833612087,0.0,0.0,4.384515833612087,25,3,1,-0.4918221428571536,PRECISION_FILTER_REMOVED_MOST_SIGNALS|SAME_ASSET_CAMPAIGN_ALREADY_OPEN|FALSE_BREAK_OR_WRONG_DIRECTION|LOW_OPPORTUNITY_CAPTURE
2026-07-20,V75,11.438614689201195,3.197433130839919,14.216718785490304,1.7925463219484006,173.3823108627942,0.0,0.0,173.3823108627942,363,7,5,-0.7687907549999945,PRECISION_FILTER_REMOVED_MOST_SIGNALS|OPEN_RISK_BUDGET|SAME_ASSET_CAMPAIGN_ALREADY_OPEN|FALSE_BREAK_OR_WRONG_DIRECTION|LOW_OPPORTUNITY_CAPTURE
2026-07-20,V50,9.731262621094348,1.3106482100212058,11.770191358592022,1.35273856079045,111.71301432811208,0.0,0.0,111.71301432811208,362,0,0,0.0,CONFIG_NOT_VALIDATION_PROMOTED|LOW_OPPORTUNITY_CAPTURE
2026-07-20,V100,12.648413882638582,4.559742285891232,20.63090652630279,2.373907647379239,227.84095033632016,0.0,0.0,227.84095033632016,383,0,0,0.0,CONFIG_NOT_VALIDATION_PROMOTED|LOW_OPPORTUNITY_CAPTURE
2026-07-20,V25,3.1057869123366943,1.0653745891355106,5.381418945551179,0.697068442049996,56.13688283412155,0.13055992472394018,0.0023257423307548215,56.00632290939761,370,6,6,0.11757412857135163,PRECISION_FILTER_REMOVED_MOST_SIGNALS|FALSE_BREAK_OR_WRONG_DIRECTION|WINNER_GIVEBACK|LOW_OPPORTUNITY_CAPTURE
2026-07-20,V10,1.8226532662394095,0.4834429397342366,1.9195709341173577,0.41602677854853887,22.87734678080277,0.0,0.0,22.87734678080277,364,0,0,0.0,CONFIG_NOT_VALIDATION_PROMOTED|LOW_OPPORTUNITY_CAPTURE
2026-07-27,EURUSD,1.6025100666346603,0.29106428432170056,2.654982232505716,0.2343999463994014,19.581769126292446,0.006061965230807249,0.00030957188759149685,19.57570716106164,607,9,5,-0.799907142856715,PRECISION_FILTER_REMOVED_MOST_SIGNALS|OPEN_RISK_BUDGET|FALSE_BREAK_OR_WRONG_DIRECTION|LOW_OPPORTUNITY_CAPTURE
2026-07-27,GBPUSD,1.88286534126276,0.22864398361527064,2.4439474878852354,0.15489672836135615,22.769630651561734,0.0,0.0,22.769630651561734,562,2,0,0.0,PRECISION_FILTER_REMOVED_MOST_SIGNALS|OPEN_RISK_BUDGET|LOW_OPPORTUNITY_CAPTURE
2026-07-27,USDJPY,4.423006025429477,0.4766233458707675,5.768768550429862,1.701522473785925,33.15695256525286,0.010393190484633264,0.0003134543340248014,33.14655937476822,509,7,3,-0.27254999999991014,PRECISION_FILTER_REMOVED_MOST_SIGNALS|OPEN_RISK_BUDGET|FALSE_BREAK_OR_WRONG_DIRECTION|WINNER_GIVEBACK|LOW_OPPORTUNITY_CAPTURE
2026-07-27,AUDUSD,1.5024038293343982,0.2173191137647429,3.708807904913746,0.30452810922517887,28.373052107451453,0.0,0.0,28.373052107451453,551,5,1,-0.547071428571444,PRECISION_FILTER_REMOVED_MOST_SIGNALS|OPEN_RISK_BUDGET|FALSE_BREAK_OR_WRONG_DIRECTION|LOW_OPPORTUNITY_CAPTURE
2026-07-27,USDCAD,1.1771607220884859,0.24451431030913628,1.9979370618248613,0.13892850025820777,16.622386701717428,0.011215732170089652,0.0006747365689026378,16.611170969547338,584,4,1,0.25300000000001427,PRECISION_FILTER_REMOVED_MOST_SIGNALS|OPEN_RISK_BUDGET|WINNER_GIVEBACK|LOW_OPPORTUNITY_CAPTURE
2026-07-27,USDCHF,2.412055946387576,0.500790168792148,4.422617370621712,0.27570800015011687,29.1178721120889,0.268313407406212,0.009214732669109294,28.84955870468269,618,11,8,2.632297142857243,PRECISION_FILTER_REMOVED_MOST_SIGNALS|OPEN_RISK_BUDGET|SAME_ASSET_CAMPAIGN_ALREADY_OPEN|LOW_OPPORTUNITY_CAPTURE
2026-07-27,NZDUSD,2.3477391462267976,0.25805365227993027,3.870975081491019,0.48177518550723,32.811967722184605,0.35754121402659794,0.010896670905380039,32.45442650815801,611,16,6,3.8799727499999483,PRECISION_FILTER_REMOVED_MOST_SIGNALS|OPEN_RISK_BUDGET|SAME_ASSET_CAMPAIGN_ALREADY_OPEN|WINNER_GIVEBACK|LOW_OPPORTUNITY_CAPTURE
2026-07-27,EURJPY,4.089681304966552,0.4011748599345855,5.35751243569978,1.7149486491355266,30.05743745082284,0.03488011127110939,0.0011604486020532175,30.022557339551728,557,7,7,0.35793749999970703,PRECISION_FILTER_REMOVED_MOST_SIGNALS|FALSE_BREAK_OR_WRONG_DIRECTION|WINNER_GIVEBACK|LOW_OPPORTUNITY_CAPTURE
2026-07-27,GBPJPY,2.1430488796142377,0.17171719531300206,2.9936340375754744,0.5446458192635064,21.203054296557998,0.0,0.0,21.203054296557998,382,6,3,-0.4994285714283251,PRECISION_FILTER_REMOVED_MOST_SIGNALS|SAME_ASSET_CAMPAIGN_ALREADY_OPEN|OPEN_RISK_BUDGET|ADDON_PARENT_NOT_OPEN|FALSE_BREAK_OR_WRONG_DIRECTION|LOW_OPPORTUNITY_CAPTURE
2026-07-27,EURGBP,0.8518817462788142,0.13685328743794903,1.4613234096173597,0.10746236141819306,12.450102903547746,0.0,0.0,12.450102903547746,517,6,0,0.0,PRECISION_FILTER_REMOVED_MOST_SIGNALS|OPEN_RISK_BUDGET|LOW_OPPORTUNITY_CAPTURE
2026-07-27,AUDJPY,3.826759961725374,0.5669188591432303,6.021131120420167,1.8965020120174236,37.626232904822274,0.0,0.0,37.626232904822274,560,3,0,0.0,PRECISION_FILTER_REMOVED_MOST_SIGNALS|OPEN_RISK_BUDGET|LOW_OPPORTUNITY_CAPTURE
2026-07-27,CADJPY,4.391251443535706,0.6237778108947557,5.445603418286664,1.6257274841400822,33.061161125684976,0.11575476233443581,0.00350123100318176,32.94540636335054,579,2,2,0.9717764285716157,PRECISION_FILTER_REMOVED_MOST_SIGNALS|WINNER_GIVEBACK|LOW_OPPORTUNITY_CAPTURE
2026-07-27,GBPCHF,0.87587297576412,0.34912836410216735,3.0453230377902187,0.30680755252462555,19.26282939392781,0.0,0.0,19.26282939392781,569,20,5,-1.4963635714282564,PRECISION_FILTER_REMOVED_MOST_SIGNALS|SAME_ASSET_CAMPAIGN_ALREADY_OPEN|OPEN_RISK_BUDGET|FALSE_BREAK_OR_WRONG_DIRECTION|LOW_OPPORTUNITY_CAPTURE
2026-07-27,XAUUSD,5.39058272692794,1.7514691710983907,10.401505968265411,0.8924763303818728,69.19505031819773,0.0,0.0,69.19505031819773,564,0,0,0.0,CONFIG_NOT_VALIDATION_PROMOTED|LOW_OPPORTUNITY_CAPTURE
2026-07-27,XAGUSD,10.55663731403828,3.262112936010624,17.59282837008079,1.7615521070408247,134.43503186264633,0.0,0.0,134.43503186264633,562,8,4,-0.9929428571428573,PRECISION_FILTER_REMOVED_MOST_SIGNALS|OPEN_RISK_BUDGET|FALSE_BREAK_OR_WRONG_DIRECTION|LOW_OPPORTUNITY_CAPTURE
2026-07-27,BTCUSD,8.326654113353381,1.5218858890755853,16.895052746814997,0.7776794007969585,128.12657510354921,0.0,0.0,128.12657510354921,783,8,1,0.0,PRECISION_FILTER_REMOVED_MOST_SIGNALS|LOT_BELOW_MIN|OPEN_RISK_BUDGET|FALSE_BREAK_OR_WRONG_DIRECTION|WINNER_GIVEBACK|LOW_OPPORTUNITY_CAPTURE
2026-07-27,ETHUSD,11.789421864072402,2.5251870525201094,22.2780455528778,1.5220796563275096,181.9358001529647,0.0,0.0,181.9358001529647,827,0,0,0.0,CONFIG_NOT_VALIDATION_PROMOTED|LOW_OPPORTUNITY_CAPTURE
2026-07-27,SOLUSD,10.987309192725846,2.2595248818332108,22.89938030521009,1.1921285430008421,176.45830052292226,0.0,0.0,176.45830052292226,747,2,1,-0.5246628571428298,PRECISION_FILTER_REMOVED_MOST_SIGNALS|OPEN_RISK_BUDGET|FALSE_BREAK_OR_WRONG_DIRECTION|LOW_OPPORTUNITY_CAPTURE
2026-07-27,BNBUSD,11.254408135459588,1.3202813653788856,17.39807436913068,0.9586202696832516,129.11089037138103,0.1106420492013724,0.0008569536534301333,129.00024832217966,929,2,1,0.2763121428571458,PRECISION_FILTER_REMOVED_MOST_SIGNALS|OPEN_RISK_BUDGET|WINNER_GIVEBACK|LOW_OPPORTUNITY_CAPTURE
2026-07-27,XRPUSD,10.360519751176064,2.707467938277614,18.651924761775824,1.1379663110262155,158.82513856239734,0.0,0.0,158.82513856239734,745,0,0,0.0,CONFIG_NOT_VALIDATION_PROMOTED|LOW_OPPORTUNITY_CAPTURE
2026-07-27,US100,7.737370039337228,1.619494649908062,9.40169077135994,2.011017052818348,93.85585797968326,0.0,0.0,93.85585797968326,576,4,1,0.08044623749999967,PRECISION_FILTER_REMOVED_MOST_SIGNALS|OPEN_RISK_BUDGET|LOT_BELOW_MIN|ADDON_PARENT_NOT_OPEN|LOW_OPPORTUNITY_CAPTURE
2026-07-27,US500,4.981136881612298,0.675260610109912,4.723435936022117,0.9368303904513973,50.0120254960429,0.018587970438316188,0.0003716700184396035,49.993437525604584,532,3,3,-0.040325201785655504,PRECISION_FILTER_REMOVED_MOST_SIGNALS|WINNER_GIVEBACK|LOW_OPPORTUNITY_CAPTURE
2026-07-27,US30,4.653659683820245,0.5739992056803401,4.291994755300696,0.2450950659628527,44.12344909014881,0.0,0.0,44.12344909014881,562,1,0,0.0,PRECISION_FILTER_REMOVED_MOST_SIGNALS|LOT_BELOW_MIN|LOW_OPPORTUNITY_CAPTURE
2026-07-27,GER40,2.793116376826025,1.3739494286169331,3.2662793165780513,0.6520319481550125,56.446813501826185,0.0,0.0,56.446813501826185,566,0,0,0.0,CONFIG_NOT_VALIDATION_PROMOTED|LOW_OPPORTUNITY_CAPTURE
2026-07-27,UK100,3.6038901340952108,1.0961326361852508,4.261010182914016,0.497393618097833,52.03869700397812,0.0,0.0,52.03869700397812,655,0,0,0.0,CONFIG_NOT_VALIDATION_PROMOTED|LOW_OPPORTUNITY_CAPTURE
2026-07-27,JP225,12.237719381524425,6.783393876392309,11.769410828343368,3.1474437307609477,140.67580780075676,0.0,0.0,140.67580780075676,607,5,0,0.0,PRECISION_FILTER_REMOVED_MOST_SIGNALS|LOT_BELOW_MIN|LOW_OPPORTUNITY_CAPTURE
2026-07-27,WTI,10.456072456320017,3.5056551115822634,16.149461276943768,4.335338086557245,208.78008126511898,0.0,0.0,208.78008126511898,515,5,3,-0.8401571428571516,PRECISION_FILTER_REMOVED_MOST_SIGNALS|OPEN_RISK_BUDGET|FALSE_BREAK_OR_WRONG_DIRECTION|LOW_OPPORTUNITY_CAPTURE
2026-07-27,BRENT,17.45629418505973,2.0457849362728457,15.459831358027266,3.1532113997524855,180.36098470064638,0.0,0.0,180.36098470064638,490,4,0,0.0,PRECISION_FILTER_REMOVED_MOST_SIGNALS|LOT_BELOW_MIN|OPEN_RISK_BUDGET|LOW_OPPORTUNITY_CAPTURE
2026-07-27,NATGAS,10.590180006146946,2.698996293617176,13.763047813728008,2.8783317382999876,115.18312384113051,1.5571355660304258,0.013518782214816016,113.62598827510008,605,20,10,1.4473802857142677,PRECISION_FILTER_REMOVED_MOST_SIGNALS|OPEN_RISK_BUDGET|LOW_OPPORTUNITY_CAPTURE
2026-07-27,V75,27.368760289799056,5.250058505239592,38.24520816826472,4.003249240818138,375.9568952062814,0.5752380028027568,0.0015300637124560069,375.38165720347865,787,4,3,0.19716134042857442,PRECISION_FILTER_REMOVED_MOST_SIGNALS|OPEN_RISK_BUDGET|FALSE_BREAK_OR_WRONG_DIRECTION|LOW_OPPORTUNITY_CAPTURE
2026-07-27,V50,15.439568608508011,2.9200649338797886,22.9886008514442,3.485964751365174,245.12660268669913,0.0,0.0,245.12660268669913,778,2,0,0.0,PRECISION_FILTER_REMOVED_MOST_SIGNALS|OPEN_RISK_BUDGET|LOW_OPPORTUNITY_CAPTURE
2026-07-27,V100,25.005631932177,1.9116400185595128,44.05644029825221,6.638217031974749,495.9283934868161,0.0,0.0,495.9283934868161,829,3,2,0.162516685714286,PRECISION_FILTER_REMOVED_MOST_SIGNALS|OPEN_RISK_BUDGET|WINNER_GIVEBACK|LOW_OPPORTUNITY_CAPTURE
2026-07-27,V25,4.256039849856519,2.1711960349218433,12.706140742480713,1.6301874509589496,124.41097867695103,0.0,0.0,124.41097867695103,760,7,0,0.0,PRECISION_FILTER_REMOVED_MOST_SIGNALS|OPEN_RISK_BUDGET|LOW_OPPORTUNITY_CAPTURE
2026-07-27,V10,3.117114750213813,0.3609010630091171,4.972969978092204,0.6253543425719728,49.07981486686247,0.0,0.0,49.07981486686247,718,0,0,0.0,CONFIG_NOT_VALIDATION_PROMOTED|LOW_OPPORTUNITY_CAPTURE
2026-08-03,EURUSD,1.3696969344562553,0.11873546038126644,1.9561187641284778,0.10828344776512003,15.615031368113739,0.027499209713690586,0.0017610729729204784,15.587532158400048,506,10,9,-0.07006785714294139,PRECISION_FILTER_REMOVED_MOST_SIGNALS|OPEN_RISK_BUDGET|FALSE_BREAK_OR_WRONG_DIRECTION|WINNER_GIVEBACK|LOW_OPPORTUNITY_CAPTURE
2026-08-03,GBPUSD,1.1725911699325973,0.10845087746427479,2.1664734345487506,0.12397317285436228,15.92771907776467,0.10405521253770096,0.006532963824240444,15.82366386522697,569,8,7,0.5669094642855439,PRECISION_FILTER_REMOVED_MOST_SIGNALS|OPEN_RISK_BUDGET|WINNER_GIVEBACK|LOW_OPPORTUNITY_CAPTURE
2026-08-03,USDJPY,1.273733911296403,1.2820077920106414,5.270085955409354,0.3280791808445872,27.999383539112156,0.2238614372287665,0.007995227356204322,27.77552210188339,512,6,5,2.074430071428605,PRECISION_FILTER_REMOVED_MOST_SIGNALS|OPEN_RISK_BUDGET|WINNER_GIVEBACK|LOW_OPPORTUNITY_CAPTURE
2026-08-03,AUDUSD,2.466249761839753,0.3834273887523667,3.097416103941723,0.22846804816129418,20.639325271708874,0.0,0.0,20.639325271708874,569,6,3,-0.24825214285714464,PRECISION_FILTER_REMOVED_MOST_SIGNALS|FACTOR_DUPLICATION|OPEN_RISK_BUDGET|FALSE_BREAK_OR_WRONG_DIRECTION|LOW_OPPORTUNITY_CAPTURE
2026-08-03,USDCAD,1.374948868583344,0.16484746663268462,2.032490062254354,0.12023560051720014,13.670875710065564,0.008907169762095421,0.0006515434673681707,13.66196854030347,612,6,4,-0.05569285714281946,PRECISION_FILTER_REMOVED_MOST_SIGNALS|OPEN_RISK_BUDGET|FALSE_BREAK_OR_WRONG_DIRECTION|WINNER_GIVEBACK|LOW_OPPORTUNITY_CAPTURE
2026-08-03,USDCHF,2.3531148794113887,0.303173444998852,3.1148310276517206,0.10750315661758433,22.992233388503358,0.08418726043764141,0.0036615520995771102,22.908046128065717,558,5,3,0.5931151071430427,PRECISION_FILTER_REMOVED_MOST_SIGNALS|OPEN_RISK_BUDGET|WINNER_GIVEBACK|LOW_OPPORTUNITY_CAPTURE
2026-08-03,NZDUSD,1.7239866204023746,0.3657403864253749,3.379926220470214,0.489187175988275,26.471037790182873,0.3284869008457232,0.012409294393722138,26.14255088933715,593,20,15,1.2377687142855962,PRECISION_FILTER_REMOVED_MOST_SIGNALS|OPEN_RISK_BUDGET|SAME_ASSET_CAMPAIGN_ALREADY_OPEN|FACTOR_DUPLICATION|FALSE_BREAK_OR_WRONG_DIRECTION|WINNER_GIVEBACK|LOW_OPPORTUNITY_CAPTURE
2026-08-03,EURJPY,1.2240027285236876,1.1752749271425402,4.629473500469963,0.26021261902240633,24.46121732811328,0.0,0.0,24.46121732811328,516,5,5,0.0,PRECISION_FILTER_REMOVED_MOST_SIGNALS|FALSE_BREAK_OR_WRONG_DIRECTION|WINNER_GIVEBACK|LOW_OPPORTUNITY_CAPTURE
2026-08-03,GBPJPY,1.5389612349263941,1.253021108269706,4.8670105596181505,0.2409341384769704,24.802694555573343,0.0,0.0,24.802694555573343,481,3,2,-0.5717142857141654,PRECISION_FILTER_REMOVED_MOST_SIGNALS|SAME_ASSET_CAMPAIGN_ALREADY_OPEN|FALSE_BREAK_OR_WRONG_DIRECTION|LOW_OPPORTUNITY_CAPTURE
2026-08-03,EURGBP,0.46910572120922833,0.06069738034588236,1.2359673318157165,0.042020846441332464,8.663610086095064,0.033896657337120134,0.003912532650970022,8.629713428757944,513,9,6,-0.3728246428571814,PRECISION_FILTER_REMOVED_MOST_SIGNALS|OPEN_RISK_BUDGET|LOW_OPPORTUNITY_CAPTURE
2026-08-03,AUDJPY,2.091677931931769,1.480089412523131,5.230019969129826,0.3376894785031646,28.156866015615883,0.013617896615023196,0.0004836439043844819,28.14324811900086,547,2,1,0.09093214285715226,PRECISION_FILTER_REMOVED_MOST_SIGNALS|OPEN_RISK_BUDGET|WINNER_GIVEBACK|LOW_OPPORTUNITY_CAPTURE
2026-08-03,CADJPY,1.329278530583562,1.3520628907386105,5.016807859196543,0.35073720919761964,27.249450094455984,0.0,0.0,27.249450094455984,561,4,4,-0.11647857142855855,PRECISION_FILTER_REMOVED_MOST_SIGNALS|FALSE_BREAK_OR_WRONG_DIRECTION|LOW_OPPORTUNITY_CAPTURE
2026-08-03,GBPCHF,1.2997206712488008,0.2829647875537547,2.164272030096365,0.08080564166449238,14.362867945086538,0.369761641767978,0.025744276364698563,13.99310630331856,560,20,8,4.274295714285566,PRECISION_FILTER_REMOVED_MOST_SIGNALS|SAME_ASSET_CAMPAIGN_ALREADY_OPEN|OPEN_RISK_BUDGET|FACTOR_DUPLICATION|WINNER_GIVEBACK|LOW_OPPORTUNITY_CAPTURE
2026-08-03,XAUUSD,8.948302510839342,1.7060936758298748,12.789524997782193,1.3356729495186974,75.03202493955125,0.0,0.0,75.03202493955125,561,0,0,0.0,CONFIG_NOT_VALIDATION_PROMOTED|LOW_OPPORTUNITY_CAPTURE
2026-08-03,XAGUSD,10.773694918257432,3.0271966700847295,21.417982990855847,1.1748389913678594,131.36809339251676,0.5224772958669162,0.003977200874079813,130.84561609664985,545,9,8,0.5548496428571211,PRECISION_FILTER_REMOVED_MOST_SIGNALS|LOT_BELOW_MIN|FALSE_BREAK_OR_WRONG_DIRECTION|WINNER_GIVEBACK|LOW_OPPORTUNITY_CAPTURE
2026-08-03,BTCUSD,3.4886201288915206,0.8967521149138826,12.396631315084896,0.8402741798007236,99.43928470507987,0.22665224842733986,0.0022793028841624533,99.21263245665253,764,7,4,2.2135183571428207,PRECISION_FILTER_REMOVED_MOST_SIGNALS|LOT_BELOW_MIN|LOW_OPPORTUNITY_CAPTURE
2026-08-03,ETHUSD,5.142990961315534,1.5825394625338052,15.445235889588146,0.9848804349329047,131.55242455718314,0.0,0.0,131.55242455718314,815,0,0,0.0,CONFIG_NOT_VALIDATION_PROMOTED|LOW_OPPORTUNITY_CAPTURE
2026-08-03,SOLUSD,7.382054103096834,1.7389559456419585,18.598242347576843,1.415929857066297,146.496574769051,0.04878236893354467,0.0003329932389917589,146.44779240011744,742,4,3,-0.006308571428505466,PRECISION_FILTER_REMOVED_MOST_SIGNALS|OPEN_RISK_BUDGET|FALSE_BREAK_OR_WRONG_DIRECTION|LOW_OPPORTUNITY_CAPTURE
2026-08-03,BNBUSD,2.815222172255497,2.298393935027307,16.459096098714838,1.0253587567275406,113.79232910588061,0.10658027271199083,0.0009366208913152734,113.68574883316862,852,7,6,0.14792696428573665,PRECISION_FILTER_REMOVED_MOST_SIGNALS|FALSE_BREAK_OR_WRONG_DIRECTION|WINNER_GIVEBACK|LOW_OPPORTUNITY_CAPTURE
2026-08-03,XRPUSD,8.94655665339685,1.9265413206699096,17.849661850547847,1.2551266827538834,136.96546828071425,0.0,0.0,136.96546828071425,743,0,0,0.0,CONFIG_NOT_VALIDATION_PROMOTED|LOW_OPPORTUNITY_CAPTURE
2026-08-03,US100,6.079113973867447,0.7740269724655882,6.705485913988299,0.4727386908284493,61.7147158791118,0.0,0.0,61.7147158791118,588,2,0,0.0,PRECISION_FILTER_REMOVED_MOST_SIGNALS|LOT_BELOW_MIN|LOW_OPPORTUNITY_CAPTURE
2026-08-03,US500,4.086661845529016,0.38266898650428327,3.560585646938725,0.15279638153317152,31.01488696474077,0.0766844233094607,0.0024725037172193876,30.93820254143131,552,5,4,-0.01624952678570546,PRECISION_FILTER_REMOVED_MOST_SIGNALS|SAME_ASSET_CAMPAIGN_ALREADY_OPEN|WINNER_GIVEBACK|LOW_OPPORTUNITY_CAPTURE
2026-08-03,US30,4.754876055330107,0.36729588103862654,3.2197082488122515,0.19978340940677228,32.81071045853386,0.041169808657872155,0.0012547673635382724,32.76954064987599,584,1,1,0.22429107142859722,PRECISION_FILTER_REMOVED_MOST_SIGNALS|WINNER_GIVEBACK|LOW_OPPORTUNITY_CAPTURE
2026-08-03,GER40,3.834330424853655,0.5827386364094262,3.0518231463968597,0.40126830975438343,37.88655388635037,0.0,0.0,37.88655388635037,540,0,0,0.0,CONFIG_NOT_VALIDATION_PROMOTED|LOW_OPPORTUNITY_CAPTURE
2026-08-03,UK100,1.146832711974085,0.5345387063605894,2.2540155947358835,0.15704560747971538,37.31288714586891,0.34862809933756517,0.009343369704270216,36.964259046531346,551,11,10,1.3895228067858738,PRECISION_FILTER_REMOVED_MOST_SIGNALS|SAME_ASSET_CAMPAIGN_ALREADY_OPEN|LOW_OPPORTUNITY_CAPTURE
2026-08-03,JP225,4.321812160199933,4.68248409285676,7.921754707642284,2.350406768879975,93.4528347505863,0.0,0.0,93.4528347505863,612,3,0,0.0,PRECISION_FILTER_REMOVED_MOST_SIGNALS|LOT_BELOW_MIN|LOW_OPPORTUNITY_CAPTURE
2026-08-03,WTI,12.949243949664933,1.7757805570969605,18.401771749761995,0.9209171183480027,173.10756453123145,0.09991259866976318,0.0005771706103099689,173.00765193256169,498,6,6,-0.8652517857142642,PRECISION_FILTER_REMOVED_MOST_SIGNALS|FALSE_BREAK_OR_WRONG_DIRECTION|LOW_OPPORTUNITY_CAPTURE
2026-08-03,BRENT,13.972933573675709,1.6678853438085341,18.369133440209524,1.888281690510918,159.9886245920547,0.0,0.0,159.9886245920547,447,1,0,0.0,PRECISION_FILTER_REMOVED_MOST_SIGNALS|LOT_BELOW_MIN|LOW_OPPORTUNITY_CAPTURE
2026-08-03,NATGAS,8.078434141298905,1.6744656644182716,12.659799653880347,0.9894217984371123,105.52834033298076,1.6943403905364507,0.01605578544294531,103.83399994244431,614,24,20,5.149395392857084,PRECISION_FILTER_REMOVED_MOST_SIGNALS|OPEN_RISK_BUDGET|SAME_ASSET_CAMPAIGN_ALREADY_OPEN|FALSE_BREAK_OR_WRONG_DIRECTION|WINNER_GIVEBACK|LOW_OPPORTUNITY_CAPTURE
2026-08-03,V75,19.1565334914778,3.9369837510543206,35.26495974998301,4.178258696956117,362.97469834542153,0.0,0.0,362.97469834542153,806,10,1,-0.3850284114285751,PRECISION_FILTER_REMOVED_MOST_SIGNALS|LOT_BELOW_MIN|FALSE_BREAK_OR_WRONG_DIRECTION|LOW_OPPORTUNITY_CAPTURE
2026-08-03,V50,16.151191095813253,3.6627275509214483,25.355449490613566,4.289165654051734,253.80938296451959,0.0,0.0,253.80938296451959,758,0,0,0.0,CONFIG_NOT_VALIDATION_PROMOTED|LOW_OPPORTUNITY_CAPTURE
2026-08-03,V100,32.03993977520309,5.7629793565117255,50.880723077419475,5.835083392680929,487.50114897222113,0.7954455427408309,0.001631679318946912,486.7057034294803,775,3,3,-0.1059131135714283,PRECISION_FILTER_REMOVED_MOST_SIGNALS|FALSE_BREAK_OR_WRONG_DIRECTION|LOW_OPPORTUNITY_CAPTURE
2026-08-03,V25,9.677181254381143,1.073662452006218,12.456386855859657,1.3688180404230499,122.05937244869524,0.0,0.0,122.05937244869524,800,0,0,0.0,CONFIG_NOT_VALIDATION_PROMOTED|LOW_OPPORTUNITY_CAPTURE
2026-08-03,V10,3.1852774329510423,0.37124944156448514,4.8278996683191755,0.8086235621002089,49.99449620089166,0.0,0.0,49.99449620089166,795,0,0,0.0,CONFIG_NOT_VALIDATION_PROMOTED|LOW_OPPORTUNITY_CAPTURE
2026-08-10,EURUSD,0.17325350618927915,0.025122378289562403,0.6403244090853163,0.00867246695497975,4.755427004781061,0.011497442122617642,0.0024177517836060196,4.743929562658443,229,2,1,0.7823400000008806,PRECISION_FILTER_REMOVED_MOST_SIGNALS|OPEN_RISK_BUDGET|WINNER_GIVEBACK|LOW_OPPORTUNITY_CAPTURE
2026-08-10,GBPUSD,0.2837671391254489,0.025187630813078066,0.9868326177578174,0.03406091266441266,8.371734215322574,0.0,0.0,8.371734215322574,318,4,1,-0.6432607142860203,PRECISION_FILTER_REMOVED_MOST_SIGNALS|OPEN_RISK_BUDGET|FALSE_BREAK_OR_WRONG_DIRECTION|LOW_OPPORTUNITY_CAPTURE
2026-08-10,USDJPY,0.8341684612806352,0.06803052398168054,1.412786455113889,0.09919175746378533,7.315984499154806,0.0,0.0,7.315984499154806,228,3,1,0.0,PRECISION_FILTER_REMOVED_MOST_SIGNALS|OPEN_RISK_BUDGET|FALSE_BREAK_OR_WRONG_DIRECTION|WINNER_GIVEBACK|LOW_OPPORTUNITY_CAPTURE
2026-08-10,AUDUSD,0.23518609483649028,0.015579055794786205,1.5956340460581033,0.03825187967763435,11.076749702463673,0.0,0.0,11.076749702463673,354,4,1,-0.6311035714285596,PRECISION_FILTER_REMOVED_MOST_SIGNALS|OPEN_RISK_BUDGET|FALSE_BREAK_OR_WRONG_DIRECTION|LOW_OPPORTUNITY_CAPTURE
2026-08-10,USDCAD,0.3810668948702618,0.04664248541988483,0.864586080455054,0.0416241603514559,7.025168958156527,0.0,0.0,7.025168958156527,374,2,0,0.0,PRECISION_FILTER_REMOVED_MOST_SIGNALS|OPEN_RISK_BUDGET|LOW_OPPORTUNITY_CAPTURE
2026-08-10,USDCHF,0.6222936407752784,0.06660772273424126,1.5344787641284667,0.06287975792573747,11.435785353811795,0.0,0.0,11.435785353811795,375,6,1,-0.6550892857144608,PRECISION_FILTER_REMOVED_MOST_SIGNALS|OPEN_RISK_BUDGET|FALSE_BREAK_OR_WRONG_DIRECTION|LOW_OPPORTUNITY_CAPTURE
2026-08-10,NZDUSD,0.516904266254061,0.12917659465677547,1.8426769492690789,0.12071398054396941,14.160565085175891,0.0,0.0,14.160565085175891,354,10,2,-0.6163178571427784,PRECISION_FILTER_REMOVED_MOST_SIGNALS|OPEN_RISK_BUDGET|FALSE_BREAK_OR_WRONG_DIRECTION|LOW_OPPORTUNITY_CAPTURE
2026-08-10,EURJPY,0.8341439645187969,0.07107623634562166,1.5157169440209077,0.0718143909832786,8.236951205189849,0.0,0.0,8.236951205189849,310,2,1,0.0,PRECISION_FILTER_REMOVED_MOST_SIGNALS|OPEN_RISK_BUDGET|FALSE_BREAK_OR_WRONG_DIRECTION|WINNER_GIVEBACK|LOW_OPPORTUNITY_CAPTURE
2026-08-10,GBPJPY,1.0661576504899761,0.07662385739672528,1.6191211003845336,0.059038405108738604,9.25241070989328,0.14547439627514705,0.015722864109306817,9.106936313618132,326,3,1,4.693971428571473,PRECISION_FILTER_REMOVED_MOST_SIGNALS|OPEN_RISK_BUDGET|WINNER_GIVEBACK|LOW_OPPORTUNITY_CAPTURE
2026-08-10,EURGBP,0.2872786687541709,0.025717472716123464,0.40935469296531074,0.011704750615793786,3.330853366454795,0.0,0.0,3.330853366454795,228,3,1,-0.6210000000002047,PRECISION_FILTER_REMOVED_MOST_SIGNALS|OPEN_RISK_BUDGET|FALSE_BREAK_OR_WRONG_DIRECTION|LOW_OPPORTUNITY_CAPTURE
2026-08-10,AUDJPY,0.928267306857582,0.07756029897467326,1.8381676889201457,0.08008121525198145,11.281431896957429,0.0,0.0,11.281431896957429,352,3,0,0.0,PRECISION_FILTER_REMOVED_MOST_SIGNALS|OPEN_RISK_BUDGET|LOW_OPPORTUNITY_CAPTURE
2026-08-10,CADJPY,1.1814287272111896,0.07742946105691247,1.6824052425050304,0.05949101305877272,10.630095308406005,0.013280599028799297,0.0012493396007745427,10.616814709377206,357,1,1,0.30146428571413253,PRECISION_FILTER_REMOVED_MOST_SIGNALS|WINNER_GIVEBACK|LOW_OPPORTUNITY_CAPTURE
2026-08-10,GBPCHF,0.6782950848233564,0.07220718848407302,1.1447420076960277,0.03376976815385419,8.035590598887243,0.09014478963035986,0.011218190937059808,7.945445809256883,387,7,3,2.6970199999998945,PRECISION_FILTER_REMOVED_MOST_SIGNALS|SAME_ASSET_CAMPAIGN_ALREADY_OPEN|OPEN_RISK_BUDGET|WINNER_GIVEBACK|LOW_OPPORTUNITY_CAPTURE
2026-08-10,XAUUSD,3.1548166617170725,0.37074366564028133,5.645084415081002,0.34360472996376695,41.542877069461234,0.0,0.0,41.542877069461234,289,0,0,0.0,CONFIG_NOT_VALIDATION_PROMOTED|LOW_OPPORTUNITY_CAPTURE
2026-08-10,XAGUSD,5.900612476729976,0.41665714509289586,9.59025400519472,0.31170988078429107,78.92217636099232,1.206514335300633,0.015287393112197024,77.71566202569169,294,7,6,3.1753382142857234,PRECISION_FILTER_REMOVED_MOST_SIGNALS|OPEN_RISK_BUDGET|WINNER_GIVEBACK|LOW_OPPORTUNITY_CAPTURE
2026-08-10,BTCUSD,2.3105143331406333,0.435114946372634,6.479956504076128,0.19288014946950785,45.64065512500133,0.0,0.0,45.64065512500133,378,0,0,0.0,CONFIG_NOT_VALIDATION_PROMOTED|LOW_OPPORTUNITY_CAPTURE
2026-08-10,ETHUSD,2.6754052785608913,0.23901082319533679,8.978988948540554,0.22481871387469954,61.04945784152691,0.0,0.0,61.04945784152691,316,0,0,0.0,CONFIG_NOT_VALIDATION_PROMOTED|LOW_OPPORTUNITY_CAPTURE
2026-08-10,SOLUSD,1.705538442067331,0.5904870286066801,8.789581218477668,0.5384182148503794,67.54257119422425,0.0,0.0,67.54257119422425,328,2,1,0.0,PRECISION_FILTER_REMOVED_MOST_SIGNALS|OPEN_RISK_BUDGET|FALSE_BREAK_OR_WRONG_DIRECTION|WINNER_GIVEBACK|LOW_OPPORTUNITY_CAPTURE
2026-08-10,BNBUSD,4.43496583936073,0.5840924433453245,6.211614135130275,0.4549761218972327,49.56367579474748,0.0,0.0,49.56367579474748,370,0,1,0.0,CONFIG_NOT_VALIDATION_PROMOTED|FALSE_BREAK_OR_WRONG_DIRECTION|WINNER_GIVEBACK|LOW_OPPORTUNITY_CAPTURE
2026-08-10,XRPUSD,4.486567801701918,0.2640177104194232,8.307518133257759,0.21603020603386489,68.1450613043659,0.0,0.0,68.1450613043659,359,0,0,0.0,CONFIG_NOT_VALIDATION_PROMOTED|LOW_OPPORTUNITY_CAPTURE
2026-08-10,US100,1.0481019895415244,0.3899209382734017,1.8377638494123003,0.18650189367037365,26.44198225791551,0.08393639816810892,0.003174361035015907,26.3580458597474,325,2,2,0.09167267000006951,PRECISION_FILTER_REMOVED_MOST_SIGNALS|LOW_OPPORTUNITY_CAPTURE
2026-08-10,US500,0.3992471909217875,0.20257559113603818,1.0979444849635136,0.07193283255035517,14.259727309006426,0.0,0.0,14.259727309006426,305,0,0,0.0,CONFIG_NOT_VALIDATION_PROMOTED|LOW_OPPORTUNITY_CAPTURE
2026-08-10,US30,0.2811180069945072,0.1671007285901431,1.3928724099902294,0.025966887823088924,15.276505598519824,0.016273388119775505,0.0010652559261558005,15.260232210400048,327,3,3,0.26382642857141037,PRECISION_FILTER_REMOVED_MOST_SIGNALS|FALSE_BREAK_OR_WRONG_DIRECTION|WINNER_GIVEBACK|LOW_OPPORTUNITY_CAPTURE
2026-08-10,GER40,0.4237045479819077,0.13570262805452876,0.7999073521015603,0.03019508722106683,11.797600332482265,0.0,0.0,11.797600332482265,237,0,0,0.0,CONFIG_NOT_VALIDATION_PROMOTED|LOW_OPPORTUNITY_CAPTURE
2026-08-10,UK100,0.5488927001209721,0.40318396149754804,1.012205278589002,0.03529612480515666,18.34959718396834,0.02699541415431575,0.0014711720308444199,18.32260176981402,364,7,4,-1.4997281428573843,PRECISION_FILTER_REMOVED_MOST_SIGNALS|CONFIG_WEEKLY_LOSS_BREAKER|OPEN_RISK_BUDGET|FALSE_BREAK_OR_WRONG_DIRECTION|WINNER_GIVEBACK|LOW_OPPORTUNITY_CAPTURE
2026-08-10,JP225,3.198889550058212,1.1686906535527857,3.252283824364361,0.8814179168418151,40.69159091331642,0.0,0.0,40.69159091331642,367,0,0,0.0,CONFIG_NOT_VALIDATION_PROMOTED|LOW_OPPORTUNITY_CAPTURE
2026-08-10,WTI,2.561212302577723,0.5715080798991461,5.208513717475108,0.11142205564474363,55.84438816258586,0.0,0.0,55.84438816258586,194,2,2,-0.4718285714285741,PRECISION_FILTER_REMOVED_MOST_SIGNALS|FALSE_BREAK_OR_WRONG_DIRECTION|LOW_OPPORTUNITY_CAPTURE
2026-08-10,BRENT,6.4976007970560685,0.7795173459294005,8.620797570798754,0.8077559566797419,80.96569769544766,0.0,0.0,80.96569769544766,285,0,0,0.0,CONFIG_NOT_VALIDATION_PROMOTED|LOW_OPPORTUNITY_CAPTURE
2026-08-10,NATGAS,4.31366021797581,0.43985455669896784,7.353445574801202,0.8777319354617603,61.62970354854323,0.34934018711339454,0.0056683736412626645,61.28036336142984,326,24,9,1.2013366428572216,PRECISION_FILTER_REMOVED_MOST_SIGNALS|OPEN_RISK_BUDGET|SAME_ASSET_CAMPAIGN_ALREADY_OPEN|FALSE_BREAK_OR_WRONG_DIRECTION|WINNER_GIVEBACK|LOW_OPPORTUNITY_CAPTURE
2026-08-10,V75,9.768292560191487,2.3744897679010273,13.289563164699754,0.3677950963531058,161.30896878334534,0.0,0.0,161.30896878334534,360,1,1,0.0,PRECISION_FILTER_REMOVED_MOST_SIGNALS|FALSE_BREAK_OR_WRONG_DIRECTION|WINNER_GIVEBACK|LOW_OPPORTUNITY_CAPTURE
2026-08-10,V50,4.9792515370175945,1.0374739549780139,10.623188238902681,2.1718773799309026,104.25334904012381,0.0,0.0,104.25334904012381,358,0,0,0.0,CONFIG_NOT_VALIDATION_PROMOTED|LOW_OPPORTUNITY_CAPTURE
2026-08-10,V100,7.646813394755486,1.448061549602254,23.3452760295584,4.629941925909167,214.90721122595642,0.0,0.0,214.90721122595642,323,0,0,0.0,CONFIG_NOT_VALIDATION_PROMOTED|LOW_OPPORTUNITY_CAPTURE
2026-08-10,V25,1.1094147715775653,0.7980023394258529,5.175556018828247,0.6648192283938689,53.87376837043462,0.0,0.0,53.87376837043462,344,2,1,0.0,PRECISION_FILTER_REMOVED_MOST_SIGNALS|OPEN_RISK_BUDGET|FALSE_BREAK_OR_WRONG_DIRECTION|WINNER_GIVEBACK|LOW_OPPORTUNITY_CAPTURE
2026-08-10,V10,0.44300859327568987,0.2341249836686231,2.372769211122833,0.20034606825783802,21.539769501656775,0.0,0.0,21.539769501656775,338,0,0,0.0,CONFIG_NOT_VALIDATION_PROMOTED|LOW_OPPORTUNITY_CAPTURE
