asset,directional_open_close_pct,open_60m_move_pct,gross_session_open_range_pct,close_60m_move_pct,executable_swing_opportunity_pct,captured_positive_move_pct,capture_ratio,missed_move_pct,raw_candidate_signals,precision_promoted_signals,selected_campaigns,miss_reasons
EURUSD,3.579990750008785,0.5253148536148571,6.253589548272792,0.45598631693260827,47.83736384085263,0.035237828591026574,0.0007366172749037191,47.8021260122616,1706,17,12,PRECISION_FILTER_REMOVED_MOST_SIGNALS|OPEN_RISK_BUDGET|FALSE_BREAK_OR_WRONG_DIRECTION|WINNER_GIVEBACK|LOW_OPPORTUNITY_CAPTURE
GBPUSD,3.9114269424966466,0.6588077551002616,6.415471880508176,0.41873450639475723,53.49186226916089,0.09497471819844014,0.0017754984434930569,53.39688755096245,1666,26,17,PRECISION_FILTER_REMOVED_MOST_SIGNALS|OPEN_RISK_BUDGET|WINNER_GIVEBACK|LOW_OPPORTUNITY_CAPTURE
USDJPY,6.787583008471529,1.9338808918640196,13.734023034350114,2.2687169525952906,78.00399110054666,0.13631537550405984,0.00174754360104921,77.8676757250426,1516,24,11,PRECISION_FILTER_REMOVED_MOST_SIGNALS|OPEN_RISK_BUDGET|FALSE_BREAK_OR_WRONG_DIRECTION|WINNER_GIVEBACK|LOW_OPPORTUNITY_CAPTURE
AUDUSD,4.507344487362441,0.7729660942760529,9.367357086434334,0.6677367852954557,67.7280120253213,0.10265847887522153,0.0015157462297408176,67.62535354644608,1711,17,10,PRECISION_FILTER_REMOVED_MOST_SIGNALS|OPEN_RISK_BUDGET|SAME_ASSET_CAMPAIGN_ALREADY_OPEN|WINNER_GIVEBACK|LOW_OPPORTUNITY_CAPTURE
USDCAD,3.438426117836005,0.5361462151427108,5.489811216982064,0.36601967530884955,42.47601348218772,0.02012290193218507,0.00047374742313384925,42.455890580255534,1844,12,8,PRECISION_FILTER_REMOVED_MOST_SIGNALS|OPEN_RISK_BUDGET|FALSE_BREAK_OR_WRONG_DIRECTION|WINNER_GIVEBACK|LOW_OPPORTUNITY_CAPTURE
USDCHF,5.695649438473055,0.9958594015437184,10.111382191939036,0.5724886282336006,71.55539536930192,0.01247832062712504,0.0001743868587787635,71.5429170486748,1752,17,8,PRECISION_FILTER_REMOVED_MOST_SIGNALS|OPEN_RISK_BUDGET|FALSE_BREAK_OR_WRONG_DIRECTION|WINNER_GIVEBACK|LOW_OPPORTUNITY_CAPTURE
NZDUSD,5.325620415915845,0.9001972985312398,10.174050357123818,1.178972136283442,82.95685274824856,0.5742111524762112,0.00692180493176116,82.38264159577236,1789,49,27,PRECISION_FILTER_REMOVED_MOST_SIGNALS|OPEN_RISK_BUDGET|SAME_ASSET_CAMPAIGN_ALREADY_OPEN|FACTOR_DUPLICATION|LOW_OPPORTUNITY_CAPTURE
EURJPY,6.552338747851745,1.7146483578758753,12.178795164345228,2.106139928022317,68.1019738937542,0.06204416143827866,0.0009110479166884893,68.03992973231593,1624,16,12,PRECISION_FILTER_REMOVED_MOST_SIGNALS|OPEN_RISK_BUDGET|FALSE_BREAK_OR_WRONG_DIRECTION|WINNER_GIVEBACK|LOW_OPPORTUNITY_CAPTURE
GBPJPY,6.792070467166175,1.8997765327425655,12.571869337536935,2.026374673758874,71.81325791336245,0.19425745755980012,0.0027050361340542135,71.61900045580265,1515,23,10,PRECISION_FILTER_REMOVED_MOST_SIGNALS|OPEN_RISK_BUDGET|SAME_ASSET_CAMPAIGN_ALREADY_OPEN|ADDON_PARENT_NOT_OPEN|FALSE_BREAK_OR_WRONG_DIRECTION|LOW_OPPORTUNITY_CAPTURE
EURGBP,1.8061099919694161,0.28297019020777275,3.629718265164888,0.1916252032773705,29.159880047700927,0.05223781792412044,0.0017914277369683166,29.107642229776808,1547,23,14,PRECISION_FILTER_REMOVED_MOST_SIGNALS|OPEN_RISK_BUDGET|SAME_ASSET_CAMPAIGN_ALREADY_OPEN|LOW_OPPORTUNITY_CAPTURE
AUDJPY,7.104024715917769,2.3779693192314637,14.008910430200746,2.3982314332628705,83.88074042473455,0.04928800390185919,0.0005875961949344603,83.83145242083269,1687,9,4,PRECISION_FILTER_REMOVED_MOST_SIGNALS|OPEN_RISK_BUDGET|FACTOR_DUPLICATION|LOW_OPPORTUNITY_CAPTURE
CADJPY,7.343389232805317,2.132703731868574,12.907548819913448,2.195160916726621,77.32633943579654,0.025157279985548484,0.0003253390781085193,77.30118215581099,1745,8,6,PRECISION_FILTER_REMOVED_MOST_SIGNALS|OPEN_RISK_BUDGET|FALSE_BREAK_OR_WRONG_DIRECTION|WINNER_GIVEBACK|LOW_OPPORTUNITY_CAPTURE
GBPCHF,2.956351571133525,0.9098816761196568,6.663858567687719,0.46195474450321317,44.545168565374446,0.594729945445359,0.013351166121922602,43.95043861992909,1622,44,13,PRECISION_FILTER_REMOVED_MOST_SIGNALS|SAME_ASSET_CAMPAIGN_ALREADY_OPEN|OPEN_RISK_BUDGET|WINNER_GIVEBACK|LOW_OPPORTUNITY_CAPTURE
XAUUSD,19.387843435136176,4.565201833944134,32.37812683121391,2.980342533165073,211.59544569821185,0.0,0.0,211.59544569821185,1615,0,0,CONFIG_NOT_VALIDATION_PROMOTED|LOW_OPPORTUNITY_CAPTURE
XAGUSD,28.96432771506921,8.159399786123803,55.324498416950036,3.8032110663504737,391.4967516934772,1.7797506786990787,0.00454601646373949,389.71700101477813,1632,25,20,PRECISION_FILTER_REMOVED_MOST_SIGNALS|CONFIG_WEEKLY_LOSS_BREAKER|LOT_BELOW_MIN|FALSE_BREAK_OR_WRONG_DIRECTION|WINNER_GIVEBACK|LOW_OPPORTUNITY_CAPTURE
BTCUSD,17.04620238904552,3.3848426693413716,40.818336241191005,2.242710212585164,318.5915502936624,0.22665224842733986,0.0007114195220131315,318.36489804523507,2330,19,6,PRECISION_FILTER_REMOVED_MOST_SIGNALS|LOT_BELOW_MIN|OPEN_RISK_BUDGET|LOW_OPPORTUNITY_CAPTURE
ETHUSD,25.443584513285497,5.013231702055904,53.95684733588054,3.3115959298506654,433.9593203457608,1.2195503347554637,0.002810287226424303,432.7397700110053,2390,18,16,PRECISION_FILTER_REMOVED_MOST_SIGNALS|OPEN_RISK_BUDGET|WINNER_GIVEBACK|LOW_OPPORTUNITY_CAPTURE
SOLUSD,25.770979607529387,5.226752103950359,57.87248372816887,3.543880185520634,451.4606799563856,0.04878236893354467,0.00010805452412435432,451.4118975874521,2209,6,5,PRECISION_FILTER_REMOVED_MOST_SIGNALS|OPEN_RISK_BUDGET|FALSE_BREAK_OR_WRONG_DIRECTION|LOW_OPPORTUNITY_CAPTURE
BNBUSD,20.64032340817352,4.578176737291292,44.48865927769284,2.8213568224434464,337.3948290875991,0.0,0.0,337.3948290875991,2610,0,0,CONFIG_NOT_VALIDATION_PROMOTED|LOW_OPPORTUNITY_CAPTURE
XRPUSD,27.385003604467606,5.5763437080922955,50.94068566422691,3.6824549635769688,422.64459807911123,0.0,0.0,422.64459807911123,2290,0,0,CONFIG_NOT_VALIDATION_PROMOTED|LOW_OPPORTUNITY_CAPTURE
US100,16.94761479980932,3.109329115349549,20.09536885153153,3.2450667679994156,196.50529454466476,1.4043909541572641,0.0071468351904281765,195.1009035905075,1715,64,10,PRECISION_FILTER_REMOVED_MOST_SIGNALS|LOT_BELOW_MIN|OPEN_RISK_BUDGET|SAME_ASSET_CAMPAIGN_ALREADY_OPEN|WINNER_GIVEBACK|LOW_OPPORTUNITY_CAPTURE
US500,10.796073547779333,1.3418758513131968,10.437939904210625,1.4690022254399528,103.16723052869943,0.8906079705079293,0.008632663355833486,102.2766225581915,1599,29,19,PRECISION_FILTER_REMOVED_MOST_SIGNALS|OPEN_RISK_BUDGET|SAME_ASSET_CAMPAIGN_ALREADY_OPEN|FALSE_BREAK_OR_WRONG_DIRECTION|WINNER_GIVEBACK|LOW_OPPORTUNITY_CAPTURE
US30,10.173086093548669,1.361121538869764,10.085445068076227,0.829390085206909,101.80592257602461,0.06892162761353934,0.0006769903544862178,101.73700094841108,1717,9,5,PRECISION_FILTER_REMOVED_MOST_SIGNALS|LOT_BELOW_MIN|WINNER_GIVEBACK|LOW_OPPORTUNITY_CAPTURE
GER40,7.651139769582031,2.3781203763214185,8.148892838715021,1.410401168115866,123.18410292492669,0.0,0.0,123.18410292492669,1722,0,0,CONFIG_NOT_VALIDATION_PROMOTED|LOW_OPPORTUNITY_CAPTURE
UK100,5.586400856301815,2.1215738861020834,8.182389171322669,0.8768632958111996,110.93966242452873,0.253165170619328,0.002282007760673997,110.68649725390941,1659,25,16,PRECISION_FILTER_REMOVED_MOST_SIGNALS|CONFIG_WEEKLY_LOSS_BREAKER|ASSET_WEEKLY_LOSS_BREAKER|SAME_ASSET_CAMPAIGN_ALREADY_OPEN|FALSE_BREAK_OR_WRONG_DIRECTION|LOW_OPPORTUNITY_CAPTURE
JP225,22.159597597876825,13.683062187674958,25.115322184180343,6.890911312817775,301.96114941741655,0.08245038779173941,0.0002730496553971053,301.8786990296248,1806,22,2,PRECISION_FILTER_REMOVED_MOST_SIGNALS|LOT_BELOW_MIN|LOW_OPPORTUNITY_CAPTURE
WTI,34.330968042775595,8.043292158607917,49.6891024368305,5.953752107170674,521.2118242354875,0.0,0.0,521.2118242354875,1518,13,10,PRECISION_FILTER_REMOVED_MOST_SIGNALS|LOT_BELOW_MIN|OPEN_RISK_BUDGET|FALSE_BREAK_OR_WRONG_DIRECTION|LOW_OPPORTUNITY_CAPTURE
BRENT,41.256466218137554,5.270886473526067,48.59069837510165,5.98384826715682,469.7633450293864,0.0,0.0,469.7633450293864,1416,5,0,PRECISION_FILTER_REMOVED_MOST_SIGNALS|LOT_BELOW_MIN|OPEN_RISK_BUDGET|LOW_OPPORTUNITY_CAPTURE
NATGAS,26.23016085111291,5.745443571329794,38.948262575851764,5.845571024021197,326.6084376295393,4.264867893253098,0.013058045665343743,322.3435697362862,1812,72,45,PRECISION_FILTER_REMOVED_MOST_SIGNALS|OPEN_RISK_BUDGET|SAME_ASSET_CAMPAIGN_ALREADY_OPEN|FALSE_BREAK_OR_WRONG_DIRECTION|WINNER_GIVEBACK|LOW_OPPORTUNITY_CAPTURE
V75,74.40815272775032,14.940579290938075,104.67041578617332,10.591841329168357,1092.5277961244578,0.0,0.0,1092.5277961244578,2340,0,0,CONFIG_NOT_VALIDATION_PROMOTED|LOW_OPPORTUNITY_CAPTURE
V50,43.985264974646086,9.188061776242305,72.65486578162056,11.477042008665219,727.9122109876606,0.0,0.0,727.9122109876606,2304,2,0,PRECISION_FILTER_REMOVED_MOST_SIGNALS|OPEN_RISK_BUDGET|LOW_OPPORTUNITY_CAPTURE
V100,83.82020237360797,13.428456988650582,143.6978909315795,18.872744877646735,1451.7738565176605,0.7954455427408309,0.0005479128441180567,1450.9784109749196,2351,6,4,PRECISION_FILTER_REMOVED_MOST_SIGNALS|OPEN_RISK_BUDGET|LOW_OPPORTUNITY_CAPTURE
V25,19.260613734980435,5.1944543496872395,36.893201837744925,4.2589188427831415,367.52886365503736,0.0,0.0,367.52886365503736,2325,0,0,CONFIG_NOT_VALIDATION_PROMOTED|LOW_OPPORTUNITY_CAPTURE
V10,8.78116881579407,1.3188900283694895,14.480773667170574,2.110245992259889,145.99882383322506,0.0,0.0,145.99882383322506,2222,0,0,CONFIG_NOT_VALIDATION_PROMOTED|LOW_OPPORTUNITY_CAPTURE
